address	kind	section	name	demangled
01f78b70	data	.bss	db_dlist	db_dlist
01e91960	function	.text	SND_PlayPositionalSound__FP9GDE_SoundPC4VEC3fPP14SND_PositionalUi	SND_PlayPositionalSound(GDE_Sound *, VEC3 const *, float, SND_Positional **, unsigned int)
01e9d270	function	.text	ceilf	ceilf
01e80f80	function	.text	RENDEREFFECT_RestoreScreenEffectsState__Fv	RENDEREFFECT_RestoreScreenEffectsState(void)
01e64bd8	function	.text	MCPI_SendProgress__Fii	MCPI_SendProgress(int, int)
01e8fce0	function	.text	GLOBALWAD_FindAssetsByType__F14WAD_ASSET_TYPE	GLOBALWAD_FindAssetsByType(WAD_ASSET_TYPE)
01e91c60	function	.text	SND_FixupSoundSignaturesIOP__FPUiPvPFP13WadLocationIDUi14WAD_ASSET_TYPE13WadLocationID_P15WAD_FILE_HEADERb	SND_FixupSoundSignaturesIOP(unsigned int *, void *, WAD_FILE_HEADER *(*)(WadLocationID *, unsigned int, WAD_ASSET_TYPE, WadLocationID), bool)
01e93e88	function	.text	dlib_displist_set_blend_state__FP13DLIB_DISPLISTUl	dlib_displist_set_blend_state(DLIB_DISPLIST *, unsigned long)
01ef102c	data	.data	g_TextureMemory	g_TextureMemory
01ec619c	function	.text	strcat	strcat
01ef583c	data	.data	g_ALPHASORT_nBatchesToRender	g_ALPHASORT_nBatchesToRender
01ebb8d0	function	.text	ps2fioOpen	ps2fioOpen
01f78be0	data	.bss	g_GSSettings	g_GSSettings
01e9dc40	function	.text	fmodf	fmodf
01e82e50	function	.text	ReleaseBufferCache__Fv	ReleaseBufferCache(void)
01e9cfa0	function	.text	floor	floor
01e82798	function	.text	Perspective__Q34scee3Psp3Gumffff	scee::Psp::Gum::Perspective(float, float, float, float)
01e9dec8	function	.text	powf	powf
01ef1054	data	.data	g_RENDEREFFECT_VIGNETTE_Intensity	g_RENDEREFFECT_VIGNETTE_Intensity
01e7e4d0	function	.text	RENDEREFFECT_HDR__Fv	RENDEREFFECT_HDR(void)
01e82c38	function	.text	BufferCacheInUse__Fv	BufferCacheInUse(void)
01e82c68	function	.text	GetBufferCachePtr__Fv	GetBufferCachePtr(void)
01f00710	data	.data	simple_vu_code_microcode	simple_vu_code_microcode
01e82938	function	.text	TexPerspective__Q34scee3Psp3Gumffffff	scee::Psp::Gum::TexPerspective(float, float, float, float, float, float)
01f07120	data	.data	tie_vu_renderer	tie_vu_renderer
01e9d9a0	function	.text	atan2f	atan2f
01e92550	function	.text	SND_FadeAllATRAC__Fff	SND_FadeAllATRAC(float, float)
01e93c00	function	.text	dlib_displist_add_data_ul64__FP13DLIB_DISPLISTUlUl	dlib_displist_add_data_ul64(DLIB_DISPLIST *, unsigned long, unsigned long)
01e92318	function	.text	SND_PlayATRAC__FPCcPifb	SND_PlayATRAC(char const *, int *, float, bool)
01ea6fd8	function	.text	BinkSetVolume	BinkSetVolume
01eca270	function	.text	strncasecmp	strncasecmp
01f04280	data	.data	staticmesh_vu_renderer_scissoring_shadow	staticmesh_vu_renderer_scissoring_shadow
01e8fac8	function	.text	PS2HEAP_MaxFreeMemSize__Fv	PS2HEAP_MaxFreeMemSize(void)
01e91b50	function	.text	SND_IsLooping__FPC9GDE_Sound	SND_IsLooping(GDE_Sound const *)
01ed0950	function	.text	GetThreadId	GetThreadId
01e7d250	function	.text	FOG_PreUpdate__Fv	FOG_PreUpdate(void)
01e91580	function	.text	SND_SetGlobalSoundRegister__FUiScUi	SND_SetGlobalSoundRegister(unsigned int, signed char, unsigned int)
01e917d8	function	.text	SND_PlayPositionalSound__FP14SND_PositionalUi	SND_PlayPositionalSound(SND_Positional *, unsigned int)
01e92760	function	.text	SND_IsAllAtracPaused__Fv	SND_IsAllAtracPaused(void)
01e821b8	function	.text	LookAt__Q34scee3Psp3GumPC14ScePspFVector3N21	scee::Psp::Gum::LookAt(ScePspFVector3 const *, ScePspFVector3 const *, ScePspFVector3 const *)
01e81b68	function	.text	PopMatrix__Q34scee3Psp3Gumv	scee::Psp::Gum::PopMatrix(void)
01e9d690	function	.text	sqrt	sqrt
01e80f48	function	.text	RENDEREFFECT_SaveScreenEffectsState__Fv	RENDEREFFECT_SaveScreenEffectsState(void)
01e624c0	function	.text	MEMCARD_Busy__Fv	MEMCARD_Busy(void)
01e62698	function	.text	MEMCARD_Saving__Fv	MEMCARD_Saving(void)
01e93c68	function	.text	dlib_displist_mpg__FP13DLIB_DISPLISTP6QWdata	dlib_displist_mpg(DLIB_DISPLIST *, QWdata *)
01ec9048	function	.text	rand	rand
01e624f8	function	.text	MEMCARD_GetDanSkinUnlocked__Fv	MEMCARD_GetDanSkinUnlocked(void)
01ec80d8	function	.text	__assert	__assert
01ec5fe8	function	.text	memmove	memmove
01ef6a14	data	.data	g_pCurrentRenderTarget	g_pCurrentRenderTarget
01e924e8	function	.text	SND_StopAllATRAC__Fv	SND_StopAllATRAC(void)
01ef5834	data	.data	g_bTryFastStaticMesh	g_bTryFastStaticMesh
01e81b30	function	.text	PushMatrix__Q34scee3Psp3Gumv	scee::Psp::Gum::PushMatrix(void)
01e82ac8	function	.text	DirtyAllMatricies__Q34scee3Psp3Gumv	scee::Psp::Gum::DirtyAllMatricies(void)
01e916e8	function	.text	SND_CreatePositionalSound__FPP14SND_Positional	SND_CreatePositionalSound(SND_Positional **)
01e93c20	function	.text	dlib_displist_add_call__FP13DLIB_DISPLISTP6QWdata	dlib_displist_add_call(DLIB_DISPLIST *, QWdata *)
01ec55d8	function	.text	sceSdRemote	sceSdRemote
01e81820	function	.text	SetMatrixStack__Q34scee3Psp3GumP14ScePspFMatrix4UiUiUiUiUiUi	scee::Psp::Gum::SetMatrixStack(ScePspFMatrix4 *, unsigned int, unsigned int, unsigned int, unsigned int, unsigned int, unsigned int)
01e625b8	function	.text	MEMCARD_GetSlotStatus__FUi	MEMCARD_GetSlotStatus(unsigned int)
01fd30d8	data	.bss	gRT_AuxBuffer	gRT_AuxBuffer
01e64558	function	.text	MEMCARD_Test__Fi	MEMCARD_Test(int)
01ec6b98	function	.text	strncpy	strncpy
01ef570c	data	.data	g_ENG_ClearColor	g_ENG_ClearColor
01ec80c8	function	.text	abort	abort
01e7d290	function	.text	FOG_Update__FUi	FOG_Update(unsigned int)
01e819b8	function	.text	LoadIdentity__Q34scee3Psp3Gumv	scee::Psp::Gum::LoadIdentity(void)
01e81b90	function	.text	MultMatrix__Q34scee3Psp3GumPC14ScePspFMatrix4	scee::Psp::Gum::MultMatrix(ScePspFMatrix4 const *)
01e9bb80	function	.text	sceGsResetPath	sceGsResetPath
01e90e20	function	.text	SND_LevelShutdown__Fv	SND_LevelShutdown(void)
01e82e08	function	.text	AllocateBufferCache__FUi	AllocateBufferCache(unsigned int)
01ea6588	function	.text	BinkNextFrame	BinkNextFrame
01fd30c0	data	.bss	gRT_ShadowBuffer	gRT_ShadowBuffer
01e7f598	function	.text	RENDEREFFECT_SwirlyEdgeBlur__Ff	RENDEREFFECT_SwirlyEdgeBlur(float)
01ea3f88	function	.text	scePadSetActDirect	scePadSetActDirect
01ea3d80	function	.text	scePadGetState	scePadGetState
01e91150	function	.text	SND_LevelUpdate__FPC7MATRIX4T0	SND_LevelUpdate(MATRIX4 const *, MATRIX4 const *)
01e8fad8	function	.text	PS2HEAP_TotalFreeMemSize__Fv	PS2HEAP_TotalFreeMemSize(void)
01f02f60	data	.data	staticmesh_vu_renderer_fast	staticmesh_vu_renderer_fast
01e81a20	function	.text	LoadMatrix__Q34scee3Psp3GumPC14ScePspFMatrix4	scee::Psp::Gum::LoadMatrix(ScePspFMatrix4 const *)
01ef69f8	data	.data	gRT_BackBuffer	gRT_BackBuffer
01e92610	function	.text	SND_AtracOpen__FPCc	SND_AtracOpen(char const *)
01f02310	data	.data	smesh_vu_renderer_scissoring	smesh_vu_renderer_scissoring
01ef1057	data	.data	g_bRenderPlayerShadow	g_bRenderPlayerShadow
01e91bb8	function	.text	SND_Fixup__FUiPFP13WadLocationIDUi14WAD_ASSET_TYPE13WadLocationID_P15WAD_FILE_HEADER	SND_Fixup(unsigned int, WAD_FILE_HEADER *(*)(WadLocationID *, unsigned int, WAD_ASSET_TYPE, WadLocationID))
01e807a8	function	.text	RENDEREFFECT_DoFilmNoise__Fv	RENDEREFFECT_DoFilmNoise(void)
01ef105c	data	.data	g_RENDEREFFECT_SWIRLY_InnerRadius	g_RENDEREFFECT_SWIRLY_InnerRadius
01ec66d0	function	.text	strlen	strlen
01e9e3d0	function	.text	sqrtf	sqrtf
01e8ef58	function	.text	MBOX_Poll__FiPP12HigMsgPacket	MBOX_Poll(int, HigMsgPacket **)
01fd3360	data	.bss	g_cntTag	g_cntTag
01e91538	function	.text	SND_SetGlobalVolume__Ff	SND_SetGlobalVolume(float)
01e907b0	function	.text	GlobalWad_ResetLoadedFlags__Fv	GlobalWad_ResetLoadedFlags(void)
01e93b80	function	.text	dlib_displist_direct_end__FP13DLIB_DISPLIST	dlib_displist_direct_end(DLIB_DISPLIST *)
01e926b8	function	.text	SND_PauseAtrac__Fbi	SND_PauseAtrac(bool, int)
01e7d208	function	.text	FOG_SetProperties__FUiffUif	FOG_SetProperties(unsigned int, float, float, unsigned int, float)
01ec81c8	function	.text	atoi	atoi
01ed1870	function	.text	DelayThread	DelayThread
01e8f7d0	function	.text	PS2HEAP_Malloc__FUi	PS2HEAP_Malloc(unsigned int)
01ed0a80	function	.text	SignalSema	SignalSema
01e92230	function	.text	SND_IsATRACPlaying__FPCcPi	SND_IsATRACPlaying(char const *, int *)
01ec5ea8	function	.text	memcmp	memcmp
01ef69e0	data	.data	gRT_FrontBuffer	gRT_FrontBuffer
01ebb990	function	.text	ps2fioRead	ps2fioRead
01ef6984	data	.data	G_TransitionWadCompacted	G_TransitionWadCompacted
01e91008	function	.text	SND_Update__FPC7MATRIX4N30	SND_Update(MATRIX4 const *, MATRIX4 const *, MATRIX4 const *, MATRIX4 const *)
01e820f8	function	.text	Scale__Q34scee3Psp3GumPC14ScePspFVector3	scee::Psp::Gum::Scale(ScePspFVector3 const *)
01e90e68	function	.text	SND_FlushAndSync__FUi	SND_FlushAndSync(unsigned int)
01edd89a	data	.data	MCP_BypassMemcardCheckOnComingBack	MCP_BypassMemcardCheckOnComingBack
01ea3af8	function	.text	scePadPortClose	scePadPortClose
01ec6818	function	.text	strncat	strncat
01e7dda8	function	.text	RENDEREFFECT_Bloom__FUcb	RENDEREFFECT_Bloom(unsigned char, bool)
01ec6f28	function	.text	printf	printf
01ef56b4	data	.data	g_CurLoadedScreenMatrix	g_CurLoadedScreenMatrix
01e8e7a8	function	.text	readTexPSMCT16__FiiiiiiPv	readTexPSMCT16(int, int, int, int, int, int, void *)
01ef5714	data	.data	g_bInFrame	g_bInFrame
01ea3ed0	function	.text	scePadSetMainMode	scePadSetMainMode
01f77970	data	.bss	gMatrixStack	gMatrixStack
01e9bc20	function	.text	sceGsSyncPath	sceGsSyncPath
01ef104c	data	.data	g_RENDEREFFECT_COLORMUL_Enable	g_RENDEREFFECT_COLORMUL_Enable
01ec36b8	function	.text	sceCdReadClock	sceCdReadClock
01ef1030	data	.data	g_PaletteMemory	g_PaletteMemory
01f01bc0	data	.data	smesh_vu_renderer	smesh_vu_renderer
01e926a8	function	.text	SND_PauseAtracResetLockId__Fv	SND_PauseAtracResetLockId(void)
01e8e998	function	.text	writeTexPSMT8__FiiiiiiPv	writeTexPSMT8(int, int, int, int, int, int, void *)
01f034c0	data	.data	staticmesh_vu_renderer_scissoring	staticmesh_vu_renderer_scissoring
01f07bd0	data	.data	tie_vu_renderer_clip_normalize	tie_vu_renderer_clip_normalize
01e8fcb0	function	.text	GLOBALWAD_GetTransitionBankIndex__FP15WAD_FILE_HEADER	GLOBALWAD_GetTransitionBankIndex(WAD_FILE_HEADER *)
01ef1058	data	.data	g_RENDEREFFECT_SWIRLY_Active	g_RENDEREFFECT_SWIRLY_Active
01ef69dc	data	.data	g_AspectRatioMult	g_AspectRatioMult
01e91560	function	.text	SND_GetGlobalMusicVolume__Fv	SND_GetGlobalMusicVolume(void)
01e9cbb8	function	.text	sceDmaReset	sceDmaReset
01ec8240	function	.text	free	free
01ec60e4	function	.text	memset	memset
01f06760	data	.data	shrub_vu_renderer_fast	shrub_vu_renderer_fast
01ea34b8	function	.text	scePadInit	scePadInit
01e9d8a0	function	.text	asinf	asinf
01e81b00	function	.text	StoreMatrix__Q34scee3Psp3GumP14ScePspFMatrix4	scee::Psp::Gum::StoreMatrix(ScePspFMatrix4 *)
01e92020	function	.text	SND_UpdateATRAC__Fv	SND_UpdateATRAC(void)
01e915a0	function	.text	SND_SetOutputMode__Fi	SND_SetOutputMode(int)
01ec7118	function	.text	snprintf	snprintf
01ec5e50	function	.text	sceScfGetLocalTimefromRTC	sceScfGetLocalTimefromRTC
01ec646c	function	.text	strcmp	strcmp
01e86e28	function	.text	LIGHT_Reset__Fv	LIGHT_Reset(void)
01e80fb8	function	.text	RENDEREFFECT_DisableScreenEffects__Fv	RENDEREFFECT_DisableScreenEffects(void)
01ea7088	function	.text	BinkSetSoundTrack	BinkSetSoundTrack
01e914b0	function	.text	SND_UnlockPositionalArray__Fv	SND_UnlockPositionalArray(void)
01e93b00	function	.text	dlib_displist_direct_begin__FP13DLIB_DISPLIST	dlib_displist_direct_begin(DLIB_DISPLIST *)
01e64c58	function	.text	MCPI_SendNewLevel__Fi	MCPI_SendNewLevel(int)
01e93d10	function	.text	dlib_displist_base_offset_mscal__FP13DLIB_DISPLISTiii	dlib_displist_base_offset_mscal(DLIB_DISPLIST *, int, int, int)
01f05220	data	.data	PAR_vu_renderer_scissoring	PAR_vu_renderer_scissoring
01ef0d81	data	.data	g_DRAW_Do2D	g_DRAW_Do2D
01e625d0	function	.text	MEMCARD_SetHeaderDetail__FUiUiUiUiUi	MEMCARD_SetHeaderDetail(unsigned int, unsigned int, unsigned int, unsigned int, unsigned int)
01e925c8	function	.text	SND_FadeATRACInstance__FP13ATRACInstanceff	SND_FadeATRACInstance(ATRACInstance *, float, float)
01e8fbc0	function	.text	GLOBALWAD_UploadTransitionBank__Fv	GLOBALWAD_UploadTransitionBank(void)
01f05100	data	.data	PAR_throughmode_vu_code_microcode	PAR_throughmode_vu_code_microcode
01e93810	function	.text	dlib_displist_db_init__FP16DLIB_DISPLIST_DBi	dlib_displist_db_init(DLIB_DISPLIST_DB *, int)
01ec71c0	function	.text	sprintf	sprintf
01e9d518	function	.text	sinf	sinf
01f06210	data	.data	shrub_vu_renderer	shrub_vu_renderer
01f08fd0	data	.data	tie_vu_renderer_scissoring_shadow	tie_vu_renderer_scissoring_shadow
01e914e8	function	.text	SND_GetNumPositionalSounds__Fv	SND_GetNumPositionalSounds(void)
01e93a88	function	.text	dlib_displist_db_send_dma__FP16DLIB_DISPLIST_DB	dlib_displist_db_send_dma(DLIB_DISPLIST_DB *)
01ec8668	function	.text	qsort	qsort
01f08100	data	.data	tie_vu_renderer_scissoring	tie_vu_renderer_scissoring
01e91348	function	.text	SND_StopSoundsImmediate__Fb	SND_StopSoundsImmediate(bool)
01e94b38	function	.text	snd_UnloadBank	snd_UnloadBank
01fd1890	data	.bss	g_snd	g_snd
01e93ed0	function	.text	dlib_displist_set_tex_clamp__FP13DLIB_DISPLISTbT1	dlib_displist_set_tex_clamp(DLIB_DISPLIST *, bool, bool)
01e7cfa8	function	.text	RENDEREFFECT_Init__Fv	RENDEREFFECT_Init(void)
01ef57b4	data	.data	g_PS2_VSYNC_COUNT	g_PS2_VSYNC_COUNT
01ef0d80	data	.data	g_bDoDraw	g_bDoDraw
01e8ee98	function	.text	MBOX_Receive__FiPP12HigMsgPacketPUi	MBOX_Receive(int, HigMsgPacket **, unsigned int *)
01f07700	data	.data	tie_vu_renderer_clip	tie_vu_renderer_clip
01e81810	function	.text	SetMirroring__Q34scee3Psp3Gumb	scee::Psp::Gum::SetMirroring(bool)
01e91770	function	.text	SND_ConstructPositionalSound__FP14SND_PositionalP9GDE_SoundPP14SND_PositionalPC4VEC3bT4ffffffUc	SND_ConstructPositionalSound(SND_Positional *, GDE_Sound *, SND_Positional **, VEC3 const *, bool, bool, float, float, float, float, float, float, unsigned char)
01e91278	function	.text	SND_PauseSoundsImmediate__Fv	SND_PauseSoundsImmediate(void)
01e86df0	function	.text	LIGHT_BeginFrame__Fv	LIGHT_BeginFrame(void)
01e92220	function	.text	SND_IsATRACPlaying__FP13ATRACInstance	SND_IsATRACPlaying(ATRACInstance *)
01ea5f78	function	.text	BinkDoFrame	BinkDoFrame
01ef0d8c	data	.data	g_par_hackUpdateOnlyRun	g_par_hackUpdateOnlyRun
01ef0d82	data	.data	g_DRAW_Do3D	g_DRAW_Do3D
01e62548	function	.text	MEMCARD_SetHardcoreModeBit__FUib	MEMCARD_SetHardcoreModeBit(unsigned int, bool)
01e9d7a0	function	.text	acosf	acosf
01ef5720	data	.data	g_bProgressive	g_bProgressive
01e93db8	function	.text	dlib_displist_set_texture_state__FP13DLIB_DISPLISTiUlUlUlUl	dlib_displist_set_texture_state(DLIB_DISPLIST *, int, unsigned long, unsigned long, unsigned long, unsigned long)
01e9dd80	function	.text	logf	logf
01ebd6f0	function	.text	asyncPs2fioOpen	asyncPs2fioOpen
01ef69ac	data	.data	g_vo_vol_range	g_vo_vol_range
01e9cb90	function	.text	sceDmaGetChan	sceDmaGetChan
01edd898	data	.data	MCP_WideScreenMaster	MCP_WideScreenMaster
01ebd7e0	function	.text	asyncPs2fioLseek	asyncPs2fioLseek
01ed9830	function	.text	GetTimerSystemTime	GetTimerSystemTime
01e62598	function	.text	MEMCARD_SetWriteHeaderOnlyMode__Fb	MEMCARD_SetWriteHeaderOnlyMode(bool)
01e62538	function	.text	MEMCARD_GetWideScreenFromMemcard__Fv	MEMCARD_GetWideScreenFromMemcard(void)
01e914c8	function	.text	SND_LockPositionalArray__Fv	SND_LockPositionalArray(void)
01e91af0	function	.text	SND_PausePositionalSounds__Fb	SND_PausePositionalSounds(bool)
01e940c0	function	.text	dlib_displist_add_ref__FP13DLIB_DISPLISTP6QWdatai	dlib_displist_add_ref(DLIB_DISPLIST *, QWdata *, int)
01e91dc0	function	.text	SND_FixupSoundSignatures__FPUiPvPFP13WadLocationIDUi14WAD_ASSET_TYPE13WadLocationID_P15WAD_FILE_HEADER	SND_FixupSoundSignatures(unsigned int *, void *, WAD_FILE_HEADER *(*)(WadLocationID *, unsigned int, WAD_ASSET_TYPE, WadLocationID))
01e89f78	function	.text	ANIM_GetBufferUsedSize__Fv	ANIM_GetBufferUsedSize(void)
01ec5f3c	function	.text	memcpy	memcpy
01ea58e8	function	.text	BinkCopyToBufferRect	BinkCopyToBufferRect
01e93f90	function	.text	dlib_displist_add_data_block__FP13DLIB_DISPLISTP6QWdatai	dlib_displist_add_data_block(DLIB_DISPLIST *, QWdata *, int)
01e9c240	function	.text	sceGsSyncV	sceGsSyncV
01ef103c	data	.data	g_TEXMGR_LastTex	g_TEXMGR_LastTex
01e925e0	function	.text	SND_FadeAndStopATRACInstance__FP13ATRACInstanceff	SND_FadeAndStopATRACInstance(ATRACInstance *, float, float)
01e8f990	function	.text	PS2HEAP_Free__FPv	PS2HEAP_Free(void *)
01f09f40	data	.data	DEFORM_vu_renderer_scissoring	DEFORM_vu_renderer_scissoring
01ea3748	function	.text	scePadEnd	scePadEnd
01ed08f0	function	.text	ChangeThreadPriority	ChangeThreadPriority
01e9d348	function	.text	cosf	cosf
01e91570	function	.text	SND_SetVOVolume__Ff	SND_SetVOVolume(float)
01e8fc28	function	.text	GLOBALWAD_ReleaseTransitionBank__Fv	GLOBALWAD_ReleaseTransitionBank(void)
01f7e2a0	data	.bss	g_JointMatrixBuffers	g_JointMatrixBuffers
01ef1056	data	.data	g_RENDEREFFECT_BLOOM_bFullScreen	g_RENDEREFFECT_BLOOM_bFullScreen
01e93680	function	.text	dlib_ms_screen_matrix__FPfiiiiii	dlib_ms_screen_matrix(float *, int, int, int, int, int, int)
01e95820	function	.text	snd_StreamSafeCheckCDIdle_CB	snd_StreamSafeCheckCDIdle_CB
01eca1f0	function	.text	strcasecmp	strcasecmp
01ef1050	data	.data	g_RENDEREFFECT_COLORMUL_Color	g_RENDEREFFECT_COLORMUL_Color
01ebb9f0	function	.text	ps2fioLseek	ps2fioLseek
01f04f70	data	.data	throughmode_vu_code_microcode	throughmode_vu_code_microcode
01e91a10	function	.text	SND_StopPositionalSound__FP14SND_Positionalb	SND_StopPositionalSound(SND_Positional *, bool)
01ef5918	data	.data	g_MaterialHasBloomedThisFrame	g_MaterialHasBloomedThisFrame
01ec69d0	function	.text	strncmp	strncmp
01ea3910	function	.text	scePadPortOpen	scePadPortOpen
01edd899	data	.data	MCP_BypassBootMoviesOnComingBack	MCP_BypassBootMoviesOnComingBack
01e944a8	function	.text	snd_FlushSoundCommands	snd_FlushSoundCommands
01e9ce78	function	.text	sceDmaSend	sceDmaSend
01e64560	function	.text	MEMCARD_SetMultiplayerSave__Fb	MEMCARD_SetMultiplayerSave(bool)
01e91500	function	.text	SND_GetPositionalSoundAt__FUi	SND_GetPositionalSoundAt(unsigned int)
01e92848	function	.text	SND_StopATRACInstance__FP13ATRACInstance	SND_StopATRACInstance(ATRACInstance *)
01ea4618	function	.text	BinkOpen	BinkOpen
01e8fd48	function	.text	GLOBALWAD_FindAssetsBySignature__FUi14WAD_ASSET_TYPE	GLOBALWAD_FindAssetsBySignature(unsigned int, WAD_ASSET_TYPE)
01e83ed0	function	.text	SYSTEM_SwapFrame__FP10GSSettingsiiibUi	SYSTEM_SwapFrame(GSSettings *, int, int, int, bool, unsigned int)
01e7eb58	function	.text	RENDEREFFECT_Color__FUi	RENDEREFFECT_Color(unsigned int)
01e91550	function	.text	SND_SetGlobalMusicVolume__Ff	SND_SetGlobalMusicVolume(float)
01e81a60	function	.text	LoadMatrix__Q34scee3Psp3GumPC7MATRIX4	scee::Psp::Gum::LoadMatrix(MATRIX4 const *)
01e825c0	function	.text	Ortho__Q34scee3Psp3Gumffffff	scee::Psp::Gum::Ortho(float, float, float, float, float, float)
01e91a80	function	.text	SND_PausePositionalSound__FP14SND_Positionalb	SND_PausePositionalSound(SND_Positional *, bool)
01e90870	function	.text	SND_StopSoundThread__Fv	SND_StopSoundThread(void)
01e927c8	function	.text	SND_PauseAndSyncATRAC__Fi	SND_PauseAndSyncATRAC(int)
01e91638	function	.text	SND_Play__FP9GDE_SoundffPP14SND_PositionalUi	SND_Play(GDE_Sound *, float, float, SND_Positional **, unsigned int)
01e94100	function	.text	get_psm_from_pixel_mode__Fi	get_psm_from_pixel_mode(int)
01f05e70	data	.data	PAR_vu_renderer_fast	PAR_vu_renderer_fast
01e62510	function	.text	MEMCARD_SetWideScreenToMemcard__FUi	MEMCARD_SetWideScreenToMemcard(unsigned int)
01e82af0	function	.text	UpdateMatrix__Q34scee3Psp3Gumv	scee::Psp::Gum::UpdateMatrix(void)
01ebd620	function	.text	asyncCmdSync	asyncCmdSync
01e9d430	function	.text	floorf	floorf
01ec65b8	function	.text	strcpy	strcpy
01ebbaa0	function	.text	ps2fioClose	ps2fioClose
01ec62cc	function	.text	strchr	strchr
01e90868	function	.text	SND_StartSoundThread__Fv	SND_StartSoundThread(void)
01e93c88	function	.text	dlib_displist_mscal__FP13DLIB_DISPLISTi	dlib_displist_mscal(DLIB_DISPLIST *, int)
01e912e8	function	.text	SND_ContinueSoundsImmediate__Fv	SND_ContinueSoundsImmediate(void)
01f00ef0	data	.data	skinnedmesh_vu_renderer	skinnedmesh_vu_renderer
01e62680	function	.text	MEMCARD_GetSlotHeaderDetail__FUi	MEMCARD_GetSlotHeaderDetail(unsigned int)
01e7ee98	function	.text	RENDEREFFECT_Vignette__FUc	RENDEREFFECT_Vignette(unsigned char)
01e8e608	function	.text	readTexPSMCT32__FiiiiiiPv	readTexPSMCT32(int, int, int, int, int, int, void *)
01ef5840	data	.data	g_ALPHASORT_CurrentView	g_ALPHASORT_CurrentView
01e9d608	function	.text	tanf	tanf
01e7d1f8	function	.text	RENDEREFFECT_Reset__Fv	RENDEREFFECT_Reset(void)
01ec81f0	function	.text	malloc	malloc
01e9dac8	function	.text	expf	expf
01e8eb60	function	.text	writeTexPSMT4__FiiiiiiPv	writeTexPSMT4(int, int, int, int, int, int, void *)
01e817f8	function	.text	GetMatrix__Q34scee3Psp3GumQ44scee3Psp2Gu11EMatrixType	scee::Psp::Gum::GetMatrix(scee::Psp::Gu::EMatrixType)
01ec8058	function	.text	vsnprintf	vsnprintf
01e90ae0	function	.text	SND_LevelInit__Fv	SND_LevelInit(void)
01f01460	data	.data	skinnedmesh_vu_renderer_clip	skinnedmesh_vu_renderer_clip
01ebd770	function	.text	asyncPs2fioRead	asyncPs2fioRead
01e906d0	function	.text	GLOBALWAD_FindGlobalSound__FUi	GLOBALWAD_FindGlobalSound(unsigned int)
01f06cb0	data	.data	shrub_vu_renderer_shadow	shrub_vu_renderer_shadow
01e624d0	function	.text	MEMCARD_SetDanSkinUnlocked__FUi	MEMCARD_SetDanSkinUnlocked(unsigned int)
01f01e90	data	.data	smesh_vu_renderer_nearclip	smesh_vu_renderer_nearclip
01ea6850	function	.text	BinkClose	BinkClose
01ea3d08	function	.text	scePadRead	scePadRead
01ef5710	data	.data	cur_MC	cur_MC
01e93fc8	function	.text	dlib_displist_qw__FP13DLIB_DISPLISTiP6QWdatai	dlib_displist_qw(DLIB_DISPLIST *, int, QWdata *, int)
01ef5718	data	.data	g_AspectRatioID	g_AspectRatioID
01e62578	function	.text	MEMCARD_GetHardcoreModeBit__FUi	MEMCARD_GetHardcoreModeBit(unsigned int)
01ec7248	function	.text	sscanf	sscanf
01e81980	function	.text	MatrixMode__Q34scee3Psp3GumQ44scee3Psp2Gu11EMatrixType	scee::Psp::Gum::MatrixMode(scee::Psp::Gu::EMatrixType)
01ef1055	data	.data	g_RENDEREFFECT_BLOOM_Intensity	g_RENDEREFFECT_BLOOM_Intensity
01ea4050	function	.text	scePadSetActAlign	scePadSetActAlign
01ea6a10	function	.text	BinkWait	BinkWait
01e957f8	function	.text	snd_StreamSafeCheckCDIdle	snd_StreamSafeCheckCDIdle
01f00820	data	.data	skinnedmesh_vu_renderer_fast	skinnedmesh_vu_renderer_fast
01e8fc88	function	.text	GLOBALWAD_GetTransitionBank__FUi	GLOBALWAD_GetTransitionBank(unsigned int)
01ed0ce0	function	.text	FlushCache	FlushCache
01ea7168	function	.text	BinkSetMemory	BinkSetMemory
00008000	unmapped	None	_stack_size	_stack_size
01ff8000	unmapped	None	_stack	_stack
00008000	unmapped	None	_heap_size	_heap_size
01ff0000	unmapped	None	_end	_end
01e62208	function	.text	ENTRYPOINT	ENTRYPOINT
0018de00	unmapped	None	_code_size	_code_size
00100000	unmapped	None	_jmsheap_start	_jmsheap_start
01e62200	function	.text	_jmsheap_end	_jmsheap_end
01f0ad00	data	.sndata	sn_dll_header_root	sn_dll_header_root
01f300f0	data	.bss	_gp	_gp
01f28100	data	.bss	_fbss	_fbss
01fefaec	unmapped	None	end	end
01e624a0	function	.text	MEMCARD_Idle__Fv	MEMCARD_Idle(void)
01e625a8	function	.text	MEMCARD_GetWriteHeaderOnlyModeStatus__Fv	MEMCARD_GetWriteHeaderOnlyModeStatus(void)
01e62608	function	.text	MEMCARD_SetHeaderCreationDateDetail__FUi	MEMCARD_SetHeaderCreationDateDetail(unsigned int)
01e626d0	function	.text	MEMCARD_InitStateNode__FP19tMEMCARD_STATE_NODE	MEMCARD_InitStateNode(tMEMCARD_STATE_NODE *)
01e626e8	function	.text	MEMCARD_Init__FP12tMEMCARD_CMD	MEMCARD_Init(tMEMCARD_CMD *)
01f4a268	data	.bss	MEMCARD_sg_SaveIconData	MEMCARD_sg_SaveIconData
01f4a26c	data	.bss	MEMCARD_sg_SaveIconDataSize	MEMCARD_sg_SaveIconDataSize
01e646e8	function	.text	Push__t5Stack2Z19tMEMCARD_STATE_NODEUi8G19tMEMCARD_STATE_NODE	Stack<tMEMCARD_STATE_NODE, 8>::Push(tMEMCARD_STATE_NODE)
01f3c264	data	.bss	MEMCARD_sg_SaveDataSize	MEMCARD_sg_SaveDataSize
01f3c260	data	.bss	MEMCARD_sg_SaveData	MEMCARD_sg_SaveData
01f4a634	data	.bss	MEMCARD_sg_SaveSysData	MEMCARD_sg_SaveSysData
01f4a638	data	.bss	MEMCARD_sg_SaveSysDataSize	MEMCARD_sg_SaveSysDataSize
01f28300	data	.bss	g_PS2_SlotBuffer	g_PS2_SlotBuffer
01e63368	function	.text	MC_SetError__Fi	MC_SetError(int)
01e633c8	function	.text	MEMCARD_SetErrorIfWeStartedOperationFlow__Fv	MEMCARD_SetErrorIfWeStartedOperationFlow(void)
01e63450	function	.text	MEMCARD_Update__Fv	MEMCARD_Update(void)
01e64570	function	.text	MEMCARD_ProcessClientRequests__Fv	MEMCARD_ProcessClientRequests(void)
01e64798	function	.text	_GLOBAL_$I$SYSTEMS_memcard_ps2.cppbicaaa	global constructors keyed to SYSTEMS_memcard_ps2.cppbicaaa
01e8d9f0	function	.text	PLATSYS_HIGSYS_TranslateLanguageCommonParam__FUi	PLATSYS_HIGSYS_TranslateLanguageCommonParam(unsigned int)
01f4a740	data	.bss	g_McpGlobals	g_McpGlobals
01e8c450	function	.text	HIT_fopen_internal__FPCcT0	HIT_fopen_internal(char const *, char const *)
01e8c600	function	.text	HIT_fread__FPvUiUiPi	HIT_fread(void *, unsigned int, unsigned int, int *)
01e8c758	function	.text	HIT_fclose__FPi	HIT_fclose(int *)
01e8b030	function	.text	AsciiString2Sjis__FPUcPUs	AsciiString2Sjis(unsigned char *, unsigned short *)
01ec3868	function	.text	sceMcInit	sceMcInit
01ec43e8	function	.text	sceMcGetInfo	sceMcGetInfo
01ec4568	function	.text	sceMcGetDir	sceMcGetDir
01ec3db0	function	.text	sceMcMkdir	sceMcMkdir
01ec4790	function	.text	sceMcDelete	sceMcDelete
01ec3c88	function	.text	sceMcOpen	sceMcOpen
01ec3ea8	function	.text	sceMcSeek	sceMcSeek
01ec4150	function	.text	sceMcWrite	sceMcWrite
01ec4038	function	.text	sceMcRead	sceMcRead
01ec3de8	function	.text	sceMcClose	sceMcClose
01ec46c0	function	.text	sceMcFormat	sceMcFormat
01ec4ad0	function	.text	sceMcUnformat	sceMcUnformat
01ec4ba0	function	.text	sceMcGetEntSpace	sceMcGetEntSpace
01ec51a8	function	.text	sceMcConvertError	sceMcConvertError
01ec42c8	function	.text	sceMcSync	sceMcSync
01e8d028	function	.text	SIG_CalcSignature__FPCci	SIG_CalcSignature(char const *, int)
01e647b8	function	.text	CMD_ParseCommandLine__FiPPcPi	CMD_ParseCommandLine(int, char **, int *)
01e64a40	function	.text	_GLOBAL_$I$CORE_cmdline.cpplCcaaa	global constructors keyed to CORE_cmdline.cpplCcaaa
01e64bb8	function	.text	MCPI_SetGameId__Fi	MCPI_SetGameId(int)
01e64d10	function	.text	MCPI_SetMyMsgBoxId__Fi	MCPI_SetMyMsgBoxId(int)
01e64d20	function	.text	MCPI_SetTheirMsgBoxId__Fi	MCPI_SetTheirMsgBoxId(int)
01e64a60	function	.text	MCPI_InitializeMcpGlobals__Fv	MCPI_InitializeMcpGlobals(void)
01e64e78	function	.text	Reset__t5Queue2Z14tHUDPROMQ_NODEUi8	Queue<tHUDPROMQ_NODE, 8>::Reset(void)
01e64bc8	function	.text	MCPI_GetGameId__Fv	MCPI_GetGameId(void)
01e64c30	function	.text	MCPI_ResetLoadProgress__Fv	MCPI_ResetLoadProgress(void)
01e64c48	function	.text	MCPI_GetLoadProgress__Fv	MCPI_GetLoadProgress(void)
01e64ca0	function	.text	MCPI_CreateMsgBoxes__Fv	MCPI_CreateMsgBoxes(void)
01e64d30	function	.text	MCPI_GetMyMsgBoxId__Fv	MCPI_GetMyMsgBoxId(void)
01e64d40	function	.text	MCPI_GetTheirMsgBoxId__Fv	MCPI_GetTheirMsgBoxId(void)
01e64d50	function	.text	MCPI_HandleMessages__Fb	MCPI_HandleMessages(bool)
01e64e68	function	.text	MCPI_PowerLock__Fv	MCPI_PowerLock(void)
01e64e70	function	.text	MCPI_PowerUnlock__Fv	MCPI_PowerUnlock(void)
01e64ea8	function	.text	Reset__t5Stack2Z19tMEMCARD_STATE_NODEUi8	Stack<tMEMCARD_STATE_NODE, 8>::Reset(void)
01e64ed0	function	.text	__t5Stack2Z19tMEMCARD_STATE_NODEUi8	Stack<tMEMCARD_STATE_NODE, 8>::Stack(void)
01e64ef8	function	.text	_$_t5Stack2Z19tMEMCARD_STATE_NODEUi8	Stack<tMEMCARD_STATE_NODE, 8>::~Stack(void)
01e64f20	function	.text	__t5Queue2Z14tHUDPROMQ_NODEUi8	Queue<tHUDPROMQ_NODE, 8>::Queue(void)
01e64f48	function	.text	_$_t5Queue2Z14tHUDPROMQ_NODEUi8	Queue<tHUDPROMQ_NODE, 8>::~Queue(void)
01e650e8	function	.text	_GLOBAL_$I$CORE_mcpclient.cppTycaaa	global constructors keyed to CORE_mcpclient.cppTycaaa
01e65108	function	.text	_GLOBAL_$D$CORE_mcpclient.cppCXeaaa	global destructors keyed to CORE_mcpclient.cppCXeaaa
01e8d9a8	function	.text	CB_ARRAY_Init__FP14tCB_ARRAY_DATA	CB_ARRAY_Init(tCB_ARRAY_DATA *)
01edd920	data	.data	FontTableNormal	FontTableNormal
01edde20	data	.data	FontTableJapanNormal	FontTableJapanNormal
01f61e30	data	.bss	MCPTRANS_planetNames	MCPTRANS_planetNames
01f62130	data	.bss	MCPTRANS_cityNames	MCPTRANS_cityNames
01f62430	data	.bss	MCPTRANS_mpHelpHints	MCPTRANS_mpHelpHints
01e65740	function	.text	HEROSKIN_Init__Fv	HEROSKIN_Init(void)
01e8ee48	function	.text	MBOX_Send__FiP12HigMsgPacket	MBOX_Send(int, HigMsgPacket *)
01e8edc0	function	.text	MBOX_Create__FPCcUiPv	MBOX_Create(char const *, unsigned int, void *)
01e8f318	function	.text	MODULE_StopModule__FiiPCvPiT2	MODULE_StopModule(int, int, void const *, int *, void const *)
01e8f3e0	function	.text	MODULE_UnloadModule__Fi	MODULE_UnloadModule(int)
01e65e30	function	.text	MCP_SetState__F10mcpState_t	MCP_SetState(mcpState_t)
01e96d30	function	.text	__builtin_delete	__builtin_delete
01e656b0	function	.text	__8HIGMutex	HIGMutex::HIGMutex(void)
01e656f0	function	.text	_$_8HIGMutex	HIGMutex::~HIGMutex(void)
01edc60c	data	.data	g_nOpenFileHandles	g_nOpenFileHandles
01edc614	data	.data	g_higIoOpenFilesMutex	g_higIoOpenFilesMutex
01edc618	data	.data	g_higIoOpenAsyncFilesMutex	g_higIoOpenAsyncFilesMutex
01e65128	function	.text	UMD_checkState__Fb	UMD_checkState(bool)
01e65130	function	.text	UMD_Init__Fv	UMD_Init(void)
01e65138	function	.text	UMD_Deinit__Fv	UMD_Deinit(void)
01e65140	function	.text	higIoInit__Fv	higIoInit(void)
01e65158	function	.text	higIoShutdown__Fv	higIoShutdown(void)
01e65180	function	.text	higIoRead__FiPvUi	higIoRead(int, void *, unsigned int)
01e651a0	function	.text	higIoLseek__Fiii	higIoLseek(int, int, int)
01e651c8	function	.text	higIoReadAsync__FiPvUi	higIoReadAsync(int, void *, unsigned int)
01e651e8	function	.text	higIoWaitAsync__FiPUi	higIoWaitAsync(int, unsigned int *)
01e65220	function	.text	higIoOpenInternal__FPCciUib	higIoOpenInternal(char const *, int, unsigned int, bool)
01e653b8	function	.text	UMD_ExpandFilename__FPcUiPCcb	UMD_ExpandFilename(char *, unsigned int, char const *, bool)
01f5f8b0	data	.bss	g_openFiles	g_openFiles
01e65330	function	.text	higIoClose__Fi	higIoClose(int)
01e65690	function	.text	_GLOBAL_$I$CORE_umd.cpp7Hcaaa	global constructors keyed to CORE_umd.cpp7Hcaaa
01ebbca0	function	.text	ps2fioGetStat	ps2fioGetStat
01ed0a60	function	.text	CreateSema	CreateSema
01ed0a70	function	.text	DeleteSema	DeleteSema
01ed0aa0	function	.text	WaitSema	WaitSema
01e658c0	function	.text	HEROSKIN_InitSinglePlayer__Fv	HEROSKIN_InitSinglePlayer(void)
01e65908	function	.text	HEROSKIN_TermSinglePlayer__Fv	HEROSKIN_TermSinglePlayer(void)
01e65988	function	.text	_GLOBAL_$I$CORE_heroSkin.cpprCcaaa	global constructors keyed to CORE_heroSkin.cpprCcaaa
01e8d090	function	.text	SIG_CalcCaseInsensitiveSignature__FPCc	SIG_CalcCaseInsensitiveSignature(char const *)
01edce04	data	.data	cdloading_gim_size	cdloading_gim_size
01edce11	data	.data	g_MainThreadOn	g_MainThreadOn
01e659a8	function	.text	main	main
01edce20	data	.data	cdloading_gim	cdloading_gim
01e65c40	function	.text	stopAndUnloadModules__Fv	stopAndUnloadModules(void)
01e65c80	function	.text	_GLOBAL_$I$MCP_mcp.cppjraaaa	global constructors keyed to MCP_mcp.cppjraaaa
01e95b60	function	.text	__main	__main
01e68bd8	function	.text	APP_Init__Fv	APP_Init(void)
01e9b880	function	.text	snInitDllSystem	snInitDllSystem
01e83c18	function	.text	SYSTEM_InitializeMcp__Fi	SYSTEM_InitializeMcp(int)
01e83da0	function	.text	SYSTEM_InitGraphicsMCP__Fi	SYSTEM_InitGraphicsMCP(int)
01e7cc68	function	.text	TEXMGR_LoadTextureFromMemory__FPCUcUibN22P29tTEXMGR_ALPHA_COLOR_TOLERANCE	TEXMGR_LoadTextureFromMemory(unsigned char const *, unsigned int, bool, bool, bool, tTEXMGR_ALPHA_COLOR_TOLERANCE *)
01e83de8	function	.text	SYSTEM_BeginFrame__Fb	SYSTEM_BeginFrame(bool)
01e7c030	function	.text	TEXMGR_SetCurrent__FUi	TEXMGR_SetCurrent(unsigned int)
01e8b150	function	.text	UTIL_DrawTexturedRect__FssssffffUiUi	UTIL_DrawTexturedRect(short, short, short, short, float, float, float, float, unsigned int, unsigned int)
01e84650	function	.text	SYSTEM_EndFrame__FbUi	SYSTEM_EndFrame(bool, unsigned int)
01e65d88	function	.text	MCP_Update__Fv	MCP_Update(void)
01e8c288	function	.text	MEM_DeinitializeMemory__Fv	MEM_DeinitializeMemory(void)
01e908b0	function	.text	SND_InitScream__Fv	SND_InitScream(void)
01e8fed0	function	.text	GLOBALWAD_Load__Fv	GLOBALWAD_Load(void)
01e65ca0	function	.text	MCP_StateSystemInit__Fv	MCP_StateSystemInit(void)
01e89688	function	.text	ANIM_Init__FPC21ANIM_CursorPoolConfigUi	ANIM_Init(ANIM_CursorPoolConfig const *, unsigned int)
01e77dc0	function	.text	DRAW_Init__Fv	DRAW_Init(void)
01e77df8	function	.text	DRAW_ReserveMemory__Fiii	DRAW_ReserveMemory(int, int, int)
01e7a0f0	function	.text	PAR_Init__Fv	PAR_Init(void)
01e7a108	function	.text	PAR_ReserveMemory__Fi	PAR_ReserveMemory(int)
01e899a0	function	.text	ANIM_PostInit__Fv	ANIM_PostInit(void)
01e77e70	function	.text	DRAW_PostInit__Fv	DRAW_PostInit(void)
01edd7b0	data	.data	g_nStaticDirectionalLights	g_nStaticDirectionalLights
01edd7b4	data	.data	g_StaticDirectionalLights	g_StaticDirectionalLights
01edd7b8	data	.data	g_nStaticPointLights	g_nStaticPointLights
01edd7bc	data	.data	g_StaticPointLights	g_StaticPointLights
01edd7c0	data	.data	g_UseLocalRelFiles	g_UseLocalRelFiles
01edd7c8	data	.data	localLevelExecs	localLevelExecs
01edd830	data	.data	levelExecs	levelExecs
01edd8a4	data	.data	g_TransVignette	g_TransVignette
01edd8a8	data	.data	g_MCP_FrameSwapColor	g_MCP_FrameSwapColor
01edd8b0	data	.data	g_mcpState	g_mcpState
01edd8b4	data	.data	g_queuedState	g_queuedState
01edd8b8	data	.data	g_substate	g_substate
01edd8cc	data	.data	g_transMode	g_transMode
01edd8d0	data	.data	g_mcpFrameCount	g_mcpFrameCount
01e65cd0	function	.text	MCP_UpdateCameraCB__FPfT014CameraSystemIDPv	MCP_UpdateCameraCB(float *, float *, CameraSystemID, void *)
01e65e40	function	.text	MCP_GetState__Fv	MCP_GetState(void)
01edd8d4	data	.data	g_FadeLevel	g_FadeLevel
01edd8d8	data	.data	g_FadeInRate	g_FadeInRate
01e66d40	function	.text	MCP_HasLevelBeenSeen__FUi	MCP_HasLevelBeenSeen(unsigned int)
01e66fe8	function	.text	_GLOBAL_$I$MCP_mcpupdate.cppMRcaaa	global constructors keyed to MCP_mcpupdate.cppMRcaaa
01e6d690	function	.text	MCPTRANS_DREAM_UpdateCamera__Ff	MCPTRANS_DREAM_UpdateCamera(float)
01e6c1c8	function	.text	MCPTRANS_SHRINK_UpdateCamera__Ff	MCPTRANS_SHRINK_UpdateCamera(float)
01e6cc80	function	.text	MCPTRANS_FALL_UpdateCamera__Ff	MCPTRANS_FALL_UpdateCamera(float)
01e69d20	function	.text	MCPTRANS_UpdateCamera__Ff	MCPTRANS_UpdateCamera(float)
01e91118	function	.text	SND_MCPUpdate__FPC7MATRIX4T0	SND_MCPUpdate(MATRIX4 const *, MATRIX4 const *)
01e6d738	function	.text	MCPTRANS_DREAM_Animate__Ff	MCPTRANS_DREAM_Animate(float)
01e685d0	function	.text	CAMERA_PreUpdate__Fv	CAMERA_PreUpdate(void)
01e68660	function	.text	CAMERA_Update__Fv	CAMERA_Update(void)
01e688c0	function	.text	CAMERA_CommitToDisplay__Fv	CAMERA_CommitToDisplay(void)
01e688a8	function	.text	CAMERA_GetDisplayMatrix__Fv	CAMERA_GetDisplayMatrix(void)
01f7a880	data	.bss	g_projMat	g_projMat
01f7a8c0	data	.bss	g_clipMat	g_clipMat
01e78948	function	.text	DRAW_ApplyDisplay__FPC7MATRIX4N20Ui	DRAW_ApplyDisplay(MATRIX4 const *, MATRIX4 const *, MATRIX4 const *, unsigned int)
01e6d878	function	.text	MCPTRANS_DREAM_Render__Fv	MCPTRANS_DREAM_Render(void)
01e6cd28	function	.text	MCPTRANS_FALL_Animate__Ff	MCPTRANS_FALL_Animate(float)
01e6cdf0	function	.text	MCPTRANS_FALL_Render__Fv	MCPTRANS_FALL_Render(void)
01e6c270	function	.text	MCPTRANS_SHRINK_Animate__Ff	MCPTRANS_SHRINK_Animate(float)
01e6c5a0	function	.text	MCPTRANS_SHRINK_Render__Fv	MCPTRANS_SHRINK_Render(void)
01e6a098	function	.text	MCPTRANS_Animate__Ff	MCPTRANS_Animate(float)
01e6a790	function	.text	MCPTRANS_Render__Fv	MCPTRANS_Render(void)
01e670a8	function	.text	MCP_StartLevelModule__Fv	MCP_StartLevelModule(void)
01e69890	function	.text	MCPTRANS_SetLanding__Fb	MCPTRANS_SetLanding(bool)
01e68ca8	function	.text	MCPTRANS_IsComplete__Fv	MCPTRANS_IsComplete(void)
01e68ce0	function	.text	MCPTRANS_ShouldFade__Fv	MCPTRANS_ShouldFade(void)
01e7af30	function	.text	PAR_UpdateAndTesselate__F10DRAW_LayerT0Uib	PAR_UpdateAndTesselate(DRAW_Layer, DRAW_Layer, unsigned int, bool)
01e79e10	function	.text	DRAW_RenderBegin__FUi	DRAW_RenderBegin(unsigned int)
01e79e68	function	.text	DRAW_Render__F10DRAW_LayerT0Ui	DRAW_Render(DRAW_Layer, DRAW_Layer, unsigned int)
01e787b0	function	.text	DRAW_EndUpdate__Fv	DRAW_EndUpdate(void)
01e78f40	function	.text	DRAW_PostUpdate__FUi	DRAW_PostUpdate(unsigned int)
01e85270	function	.text	SYSTEM_SetDepthTestMode__FbUi	SYSTEM_SetDepthTestMode(bool, unsigned int)
01e8bb98	function	.text	UTIL_DrawFlatShadedRect__FssssUiUi	UTIL_DrawFlatShadedRect(short, short, short, short, unsigned int, unsigned int)
01e6c0f8	function	.text	MCPTRANS_TextTransition__Fv	MCPTRANS_TextTransition(void)
01e935e0	function	.text	VRAM_SetOffset__Fii	VRAM_SetOffset(int, int)
01e93630	function	.text	VRAM_SetViewport__Fiiii	VRAM_SetViewport(int, int, int, int)
01e6c0b8	function	.text	MCPTRANS_Shutdown__Fv	MCPTRANS_Shutdown(void)
01e6c528	function	.text	MCPTRANS_SHRINK_Shutdown__Fv	MCPTRANS_SHRINK_Shutdown(void)
01e6cda8	function	.text	MCPTRANS_FALL_Shutdown__Fv	MCPTRANS_FALL_Shutdown(void)
01e6d830	function	.text	MCPTRANS_DREAM_Shutdown__Fv	MCPTRANS_DREAM_Shutdown(void)
01e78608	function	.text	DRAW_BeginUpdate__Fv	DRAW_BeginUpdate(void)
01e81618	function	.text	TexScale__Q34scee3Psp2Guff	scee::Psp::Gu::TexScale(float, float)
01e81600	function	.text	TexFilter__Q34scee3Psp2GuQ44scee3Psp2Gu18ETextureFilterModeT1	scee::Psp::Gu::TexFilter(scee::Psp::Gu::ETextureFilterMode, scee::Psp::Gu::ETextureFilterMode)
01e814c8	function	.text	Enable__Q34scee3Psp2GuQ44scee3Psp2Gu13EFunctionName	scee::Psp::Gu::Enable(scee::Psp::Gu::EFunctionName)
01e814e8	function	.text	Disable__Q34scee3Psp2GuQ44scee3Psp2Gu13EFunctionName	scee::Psp::Gu::Disable(scee::Psp::Gu::EFunctionName)
01e81608	function	.text	TexFunc__Q34scee3Psp2GuQ44scee3Psp2Gu16ETextureFunctionQ44scee3Psp2Gu22ETextureColorComponent	scee::Psp::Gu::TexFunc(scee::Psp::Gu::ETextureFunction, scee::Psp::Gu::ETextureColorComponent)
01e81578	function	.text	DepthOffset__Q34scee3Psp2Gui	scee::Psp::Gu::DepthOffset(int)
01e90ee0	function	.text	SND_ClearListenerData__Fv	SND_ClearListenerData(void)
01e7bc58	function	.text	TEXMGR_Initialize__Fv	TEXMGR_Initialize(void)
01e7bd50	function	.text	TEXMGR_Soil__Fv	TEXMGR_Soil(void)
01e67bb0	function	.text	MCP_InitMaxCharDrop__Fv	MCP_InitMaxCharDrop(void)
01e86d30	function	.text	LIGHT_Init__Fv	LIGHT_Init(void)
01e8a728	function	.text	MATERIAL_Init__Fv	MATERIAL_Init(void)
01e683d8	function	.text	CAMERA_Init__Fv	CAMERA_Init(void)
01e68858	function	.text	CAMERA_SetSystemUpdate__F14CameraSystemIDPFPfPf14CameraSystemIDPv_P7MATRIX4Pv	CAMERA_SetSystemUpdate(CameraSystemID, MATRIX4 *(*)(float *, float *, CameraSystemID, void *), void *)
01e7bb98	function	.text	PART_Init__Fv	PART_Init(void)
01e69850	function	.text	MCPTRANS_SetLevel__F16LEVEL_IDENTIFIER	MCPTRANS_SetLevel(LEVEL_IDENTIFIER)
01e69880	function	.text	MCPTRANS_SetPrevLevel__F16LEVEL_IDENTIFIER	MCPTRANS_SetPrevLevel(LEVEL_IDENTIFIER)
01e6c168	function	.text	MCPTRANS_SHRINK_Init__Fb	MCPTRANS_SHRINK_Init(bool)
01e6cbe8	function	.text	MCPTRANS_FALL_Init__Fb	MCPTRANS_FALL_Init(bool)
01e6d618	function	.text	MCPTRANS_DREAM_Init__Fb	MCPTRANS_DREAM_Init(bool)
01e698a0	function	.text	MCPTRANS_Init__Fb	MCPTRANS_Init(bool)
01e7a240	function	.text	PAR_PostInit__Fv	PAR_PostInit(void)
01e67008	function	.text	MCP_LoadLevelModule__Fi	MCP_LoadLevelModule(int)
01e69840	function	.text	MCPTRANS_GetLevel__Fv	MCPTRANS_GetLevel(void)
01edd8e4	data	.data	g_LevelToLaunch	g_LevelToLaunch
01edd8e8	data	.data	g_GameLoadThread	g_GameLoadThread
01edd8ec	data	.data	g_LevelLauncherState	g_LevelLauncherState
01f5fb50	data	.bss	gameLoadThreadStack	gameLoadThreadStack
01e671e8	function	.text	MCP_UpdateRCPMLoadState__Fi	MCP_UpdateRCPMLoadState(int)
01e673a8	function	.text	_GLOBAL_$I$MCP_mcputil.cppBOcaaa	global constructors keyed to MCP_mcputil.cppBOcaaa
01e8c3e0	function	.text	MEM_malloc__FUi12MEMAssetTypePcUi	MEM_malloc(unsigned int, MEMAssetType, char *, unsigned int)
01e8c418	function	.text	MEM_free__FPvPcUi	MEM_free(void *, char *, unsigned int)
01ed0860	function	.text	CreateThread	CreateThread
01ed1938	function	.text	StartThread	StartThread
01e8f150	function	.text	MODULE_StartModule__FiiPCvi	MODULE_StartModule(int, int, void const *, int)
01e90640	function	.text	GLOBALWAD_ReleasePlayerWad__Fv	GLOBALWAD_ReleasePlayerWad(void)
01e90440	function	.text	GLOBALWAD_LoadPlayerWad__F13PlayerWadType	GLOBALWAD_LoadPlayerWad(PlayerWadType)
01e8c3d8	function	.text	MEM_PrintMemoryMap__FPc	MEM_PrintMemoryMap(char *)
01e8efc0	function	.text	MODULE_LoadModule__FPCc	MODULE_LoadModule(char const *)
01ed08a0	function	.text	ExitDeleteThread	ExitDeleteThread
01e673c8	function	.text	MCPHUD_UpdateViewTransform__FUiP11tHUD_OFFSET	MCPHUD_UpdateViewTransform(unsigned int, tHUD_OFFSET *)
01e673d0	function	.text	MCPFONT_DrawTextureSimpleArea__FUissssUsUsUsUsUi	MCPFONT_DrawTextureSimpleArea(unsigned int, short, short, short, short, unsigned short, unsigned short, unsigned short, unsigned short, unsigned int)
01e674c8	function	.text	MCPFONT_RegisterFontTextures__Fv	MCPFONT_RegisterFontTextures(void)
01e675a0	function	.text	MCPFONT_GetFontPage__FUc	MCPFONT_GetFontPage(unsigned char)
01e676d0	function	.text	MCPFONT_FontStringLength__FPCc	MCPFONT_FontStringLength(char const *)
01e67710	function	.text	MCPFONT_FontStringPixelLength__FPCcUi	MCPFONT_FontStringPixelLength(char const *, unsigned int)
01e677e8	function	.text	MCPFONT_FontStringPixelLength__FPCc	MCPFONT_FontStringPixelLength(char const *)
01e67830	function	.text	MCPFONT_SetColor__FUi	MCPFONT_SetColor(unsigned int)
01e67840	function	.text	MCPFONT_FontPrintCenterScaled__FssPCcff	MCPFONT_FontPrintCenterScaled(short, short, char const *, float, float)
01e67c60	function	.text	MCP_GetFontPage__FUc	MCP_GetFontPage(unsigned char)
01e67c88	function	.text	MCP_FontStringLength__FPCc	MCP_FontStringLength(char const *)
01e67cc8	function	.text	MCP_DrawRectangleSimpleArea__FssssUi	MCP_DrawRectangleSimpleArea(short, short, short, short, unsigned int)
01e67d20	function	.text	MCP_FontStringPixelLength__FPCcUi	MCP_FontStringPixelLength(char const *, unsigned int)
01e67e00	function	.text	MCP_FontPrintWindowArea__FP20tFontPrintWindowData	MCP_FontPrintWindowArea(tFontPrintWindowData *)
01e68220	function	.text	GetCenterX__17HUD_BoundingBox16	HUD_BoundingBox16::GetCenterX(void)
01e68250	function	.text	GetWidth__17HUD_BoundingBox16	HUD_BoundingBox16::GetWidth(void)
01e682b0	function	.text	MCP_FontPrintWindowSetStructDefaults__FP20tFontPrintWindowDatassssUi	MCP_FontPrintWindowSetStructDefaults(tFontPrintWindowData *, short, short, short, short, unsigned int)
01e683b8	function	.text	_GLOBAL_$I$MCP_mcpfont.cpp3vcaaa	global constructors keyed to MCP_mcpfont.cpp3vcaaa
01e8dac8	function	.text	LOADER_FindAssetsBySignature__FUi14WAD_ASSET_TYPE	LOADER_FindAssetsBySignature(unsigned int, WAD_ASSET_TYPE)
01e7c730	function	.text	TEXMGR_LoadTextureFromMemory__FPCUcUibPbT2N22P29tTEXMGR_ALPHA_COLOR_TOLERANCE	TEXMGR_LoadTextureFromMemory(unsigned char const *, unsigned int, bool, bool *, bool, bool, bool, tTEXMGR_ALPHA_COLOR_TOLERANCE *)
01e68400	function	.text	CAMERA_Reset__Fv	CAMERA_Reset(void)
01e68820	function	.text	CAMERA_SetCurrentCamera__FUi	CAMERA_SetCurrentCamera(unsigned int)
01e68a18	function	.text	CAMERA_SetFov__Ff	CAMERA_SetFov(float)
01e68a60	function	.text	CAMERA_SetFovX__Ff	CAMERA_SetFovX(float)
01e68a48	function	.text	CAMERA_StoreThisFrameLastUpdatedFov__Fv	CAMERA_StoreThisFrameLastUpdatedFov(void)
01e68bb8	function	.text	_GLOBAL_$I$CORE_camera.cppRycaaa	global constructors keyed to CORE_camera.cppRycaaa
01ef69d8	data	.data	g_YAspectMultiplier	g_YAspectMultiplier
01f1e660	data	.rodata	g_identityMatrix	g_identityMatrix
01e88818	function	.text	DISPLAY_SetViewMatrixFromCameraMatrix__FPC7MATRIX4	DISPLAY_SetViewMatrixFromCameraMatrix(MATRIX4 const *)
01e88840	function	.text	DISPLAY_SetupProjection__Fffff	DISPLAY_SetupProjection(float, float, float, float)
01e89270	function	.text	DISPLAY_CommitView__Fv	DISPLAY_CommitView(void)
01e888b0	function	.text	DISPLAY_BuildFrustumPlanes__FP7MATRIX4N20P10ClipPlanes	DISPLAY_BuildFrustumPlanes(MATRIX4 *, MATRIX4 *, MATRIX4 *, ClipPlanes *)
01e88860	function	.text	DISPLAY_SetVisibilityPlanes__FP10ClipPlanes	DISPLAY_SetVisibilityPlanes(ClipPlanes *)
01e84d70	function	.text	SYSTEM_UpdateMatricies__Fv	SYSTEM_UpdateMatricies(void)
01e892c0	function	.text	DISPLAY_CalcFovX__Ff	DISPLAY_CalcFovX(float)
01e77a28	function	.text	Quat_Slerp__FP4QUATPC4QUATT1f	Quat_Slerp(QUAT *, QUAT const *, QUAT const *, float)
01e77bf0	function	.text	Quat_ConvertToMatrix__FP7MATRIX4PC4QUAT	Quat_ConvertToMatrix(MATRIX4 *, QUAT const *)
01e8f718	function	.text	PS2HEAP_Init__Fv	PS2HEAP_Init(void)
01ed3b88	function	.text	sceSifInitRpc	sceSifInitRpc
01ebb788	function	.text	ps2fioInit	ps2fioInit
01ebcfe8	function	.text	ps2fioRebootIop	ps2fioRebootIop
01ed8770	function	.text	sceSifSyncIop	sceSifSyncIop
01ebd558	function	.text	asyncInit	asyncInit
01ebb820	function	.text	ps2fioInitializeDevice	ps2fioInitializeDevice
01ebce50	function	.text	ps2fioBuildFilesystem	ps2fioBuildFilesystem
01e68c88	function	.text	FastMemCopy__FPvPCvUi	FastMemCopy(void *, void const *, unsigned int)
01ede360	data	.data	g_fly_trans_1	g_fly_trans_1
01edf980	data	.data	g_fly_trans_2	g_fly_trans_2
01ee0fa0	data	.data	g_fly_trans_3	g_fly_trans_3
01ee25c0	data	.data	g_fly_trans_4	g_fly_trans_4
01ee3be0	data	.data	g_fly_transitions	g_fly_transitions
01ee3bf0	data	.data	g_num_fly_trans	g_num_fly_trans
01ee3c00	data	.data	g_land_trans_1	g_land_trans_1
01ee5220	data	.data	g_land_trans_2	g_land_trans_2
01ee6840	data	.data	g_land_trans_3	g_land_trans_3
01ee7e60	data	.data	g_land_transitions	g_land_transitions
01ee7e6c	data	.data	g_num_land_trans	g_num_land_trans
01ee7e70	data	.data	g_clank_trans_1	g_clank_trans_1
01ee9490	data	.data	g_clank_trans_2	g_clank_trans_2
01eeaab0	data	.data	g_clank_trans_3	g_clank_trans_3
01eec0d0	data	.data	g_clank_transitions	g_clank_transitions
01eec0dc	data	.data	g_num_clank_trans	g_num_clank_trans
01eec0e0	data	.data	g_clank_land_trans_1	g_clank_land_trans_1
01eed700	data	.data	g_clank_land_trans_2	g_clank_land_trans_2
01eeed20	data	.data	g_clank_land_trans_3	g_clank_land_trans_3
01ef0340	data	.data	g_clank_land_transitions	g_clank_land_transitions
01ef034c	data	.data	g_num_clank_land_trans	g_num_clank_land_trans
01ef038c	data	.data	m_bDrawParticlesCountdown	m_bDrawParticlesCountdown
01ef05c8	data	.data	g_bSkyboardInSpace	g_bSkyboardInSpace
01ef05cc	data	.data	g_planetTextAlpha	g_planetTextAlpha
01e68cf0	function	.text	MCPTRANS_InitState__Fb	MCPTRANS_InitState(bool)
01e6bf00	function	.text	MCPTRANS_Fade_Init__Fv	MCPTRANS_Fade_Init(void)
01e69f88	function	.text	MCPTRANS_UpdateStarStreaks__Fv	MCPTRANS_UpdateStarStreaks(void)
01e6c148	function	.text	_GLOBAL_$I$MCP_mcptrans.cppDQcaaa	global constructors keyed to MCP_mcptrans.cppDQcaaa
01e7a000	function	.text	PAR_Reset__Fv	PAR_Reset(void)
01e77348	function	.text	VEC_SetVec3__FP4VEC3fff	VEC_SetVec3(VEC3 *, float, float, float)
01e77370	function	.text	VEC_MakeMat3x4FromYawPitch__FP7MATRIX4ff	VEC_MakeMat3x4FromYawPitch(MATRIX4 *, float, float)
01e86028	function	.text	sceKernelGetSystemTimeLow__Fv	sceKernelGetSystemTimeLow(void)
01e8db50	function	.text	LOADER_LoadGdeFile__FP15WAD_FILE_HEADERb	LOADER_LoadGdeFile(WAD_FILE_HEADER *, bool)
01e8ce88	function	.text	WAD_NextAssetByType__FP15WAD_FILE_HEADER	WAD_NextAssetByType(WAD_FILE_HEADER *)
01e8e3f0	function	.text	LOAD_CHARACTER_SkinGdeFile__FP15WAD_FILE_HEADERPP14GDE_Header_PS2	LOAD_CHARACTER_SkinGdeFile(WAD_FILE_HEADER *, GDE_Header_PS2 **)
01e861a8	function	.text	GDEMESH_GetMesh__FUi	GDEMESH_GetMesh(unsigned int)
01e7c3b8	function	.text	TEXMGR_LoadTexture__FP15WAD_FILE_HEADER	TEXMGR_LoadTexture(WAD_FILE_HEADER *)
01f69b88	data	.bss	g_ParticleTextureHandlesInternal	g_ParticleTextureHandlesInternal
01e6ff60	function	.text	RatchetShipExhaust_RegisterParticleSystem__Fi10DRAW_Layer17DRAW_ColorKeyMode17DRAW_AlphaKeyMode14DRAW_BloomMode14DRAW_BlendMode	RatchetShipExhaust_RegisterParticleSystem(int, DRAW_Layer, DRAW_ColorKeyMode, DRAW_AlphaKeyMode, DRAW_BloomMode, DRAW_BlendMode)
01e74ad8	function	.text	GCSPAR_StreckRegisterParticleSystem__FUi	GCSPAR_StreckRegisterParticleSystem(unsigned int)
01e71db0	function	.text	ClankTransExhaust_RegisterParticleSystem__Fi10DRAW_Layer17DRAW_ColorKeyMode17DRAW_AlphaKeyMode14DRAW_BloomMode14DRAW_BlendMode	ClankTransExhaust_RegisterParticleSystem(int, DRAW_Layer, DRAW_ColorKeyMode, DRAW_AlphaKeyMode, DRAW_BloomMode, DRAW_BlendMode)
01e73b60	function	.text	SkyboardTransExhaust_RegisterParticleSystem__Fi10DRAW_Layer17DRAW_ColorKeyMode17DRAW_AlphaKeyMode14DRAW_BloomMode14DRAW_BlendMode	SkyboardTransExhaust_RegisterParticleSystem(int, DRAW_Layer, DRAW_ColorKeyMode, DRAW_AlphaKeyMode, DRAW_BloomMode, DRAW_BlendMode)
01e907f0	function	.text	GLOBALWAD_FindSound__FUi	GLOBALWAD_FindSound(unsigned int)
01e77698	function	.text	VEC_LookAtUpLeft__FP4VEC3T0PC4VEC3	VEC_LookAtUpLeft(VEC3 *, VEC3 *, VEC3 const *)
01e761f8	function	.text	VEC_AngleBetweenVectors__FPC4VEC3T0b	VEC_AngleBetweenVectors(VEC3 const *, VEC3 const *, bool)
01e74fa8	function	.text	GCSPAR_StreckSetDragMotion__FRC4VEC3	GCSPAR_StreckSetDragMotion(VEC3 const &)
01e96cf0	function	.text	fptodp	fptodp
01e9d178	function	.text	sin	sin
01e96268	function	.text	dpmul	dpmul
01e96a00	function	.text	dptofp	dptofp
01e96c28	function	.text	fptoui	fptoui
01e77bc8	function	.text	VFPU_Slerp__FP4QUATPC4QUATT1f	VFPU_Slerp(QUAT *, QUAT const *, QUAT const *, float)
01e77c50	function	.text	VFPU_Quat_ConvertToMatrix__FP7MATRIX4PC4QUAT	VFPU_Quat_ConvertToMatrix(MATRIX4 *, QUAT const *)
01e6e158	function	.text	RatchetShipExhaust_EmitParticles__FiUiP31RatchetShipExhaust_JointStorageT2f	RatchetShipExhaust_EmitParticles(int, unsigned int, RatchetShipExhaust_JointStorage *, RatchetShipExhaust_JointStorage *, float)
01e700f8	function	.text	ClankTransExhaust_EmitParticles__FiUiP30ClankTransExhaust_JointStorageT2	ClankTransExhaust_EmitParticles(int, unsigned int, ClankTransExhaust_JointStorage *, ClankTransExhaust_JointStorage *)
01e71f48	function	.text	SkyboardTransExhaust_EmitParticles__FiUiP33SkyboardTransExhaust_JointStorageT2	SkyboardTransExhaust_EmitParticles(int, unsigned int, SkyboardTransExhaust_JointStorage *, SkyboardTransExhaust_JointStorage *)
01e89f88	function	.text	ANIM_SwapJointMatrixBuffers__Fi	ANIM_SwapJointMatrixBuffers(int)
01e82018	function	.text	Translate__Q34scee3Psp3GumPC14ScePspFVector3	scee::Psp::Gum::Translate(ScePspFVector3 const *)
01e81e08	function	.text	RotateY__Q34scee3Psp3Gumf	scee::Psp::Gum::RotateY(float)
01e81f10	function	.text	RotateZ__Q34scee3Psp3Gumf	scee::Psp::Gum::RotateZ(float)
01e85ff0	function	.text	UTIL_SetupTextureState__Fv	UTIL_SetupTextureState(void)
01e81740	function	.text	DepthMask__Q34scee3Psp2Gub	scee::Psp::Gu::DepthMask(bool)
01e816f0	function	.text	TexOffset__Q34scee3Psp2Guff	scee::Psp::Gu::TexOffset(float, float)
01e81638	function	.text	FlushTexTransform__Q34scee3Psp2Guv	scee::Psp::Gu::FlushTexTransform(void)
01e855c8	function	.text	SYSTEM_SetDepthWrite__Fb	SYSTEM_SetDepthWrite(bool)
01e865f8	function	.text	GDEMESH_RenderStaticMeshSimple__FP7MATRIX4UiUiUi	GDEMESH_RenderStaticMeshSimple(MATRIX4 *, unsigned int, unsigned int, unsigned int)
01e89e78	function	.text	ANIM_Begin__Fv	ANIM_Begin(void)
01e89a18	function	.text	ANIM_SetAllComponentsDefault__FP16GDE_SkeletonInfo	ANIM_SetAllComponentsDefault(GDE_SkeletonInfo *)
01e89ec8	function	.text	ANIM_End__Fv	ANIM_End(void)
01e815c0	function	.text	Color__Q34scee3Psp2GuUi	scee::Psp::Gu::Color(unsigned int)
01f7aa40	data	.bss	g_pPackedMatrices	g_pPackedMatrices
01e8a0a0	function	.text	SKIN_DrawMesh__FP14GDE_Header_PS2PUiUiibUiffT4fT4	SKIN_DrawMesh(GDE_Header_PS2 *, unsigned int *, unsigned int, int, bool, unsigned int, float, float, bool, float, bool)
01e76d88	function	.text	VEC_MultiplyMatrix4__FP7MATRIX4PC7MATRIX4T1	VEC_MultiplyMatrix4(MATRIX4 *, MATRIX4 const *, MATRIX4 const *)
01e775b8	function	.text	VEC_MakeScaleMat__FP4VEC3N20fff	VEC_MakeScaleMat(VEC3 *, VEC3 *, VEC3 *, float, float, float)
01e76ee8	function	.text	VEC_MultiplyMatrix4By3__FP7MATRIX4PC7MATRIX4PC7MATRIX3	VEC_MultiplyMatrix4By3(MATRIX4 *, MATRIX4 const *, MATRIX3 const *)
01e861e0	function	.text	GDEMESH_RenderTieMeshImmediate__FP7MATRIX4PC14GDE_Header_PS2UcUibN24	GDEMESH_RenderTieMeshImmediate(MATRIX4 *, GDE_Header_PS2 const *, unsigned char, unsigned int, bool, bool, bool)
01e771f0	function	.text	VEC_MulMat4Vec3__FP4VEC3PC7MATRIX4PC4VEC3	VEC_MulMat4Vec3(VEC3 *, MATRIX4 const *, VEC3 const *)
01e7cca0	function	.text	TEXMGR_GetWidth__FUi	TEXMGR_GetWidth(unsigned int)
01e7ccd0	function	.text	TEXMGR_GetHeight__FUi	TEXMGR_GetHeight(unsigned int)
01e815b8	function	.text	Material__Q34scee3Psp2GuUiUi	scee::Psp::Gu::Material(unsigned int, unsigned int)
01e85c20	function	.text	UTIL_Draw3DTexturedQuad__FP4VEC3P4VEC2T0T1T0T1T0T1Ui	UTIL_Draw3DTexturedQuad(VEC3 *, VEC2 *, VEC3 *, VEC2 *, VEC3 *, VEC2 *, VEC3 *, VEC2 *, unsigned int)
01e774e8	function	.text	VEC_MakeMatFromYawPitchRoll__FP4VEC3N20fff	VEC_MakeMatFromYawPitchRoll(VEC3 *, VEC3 *, VEC3 *, float, float, float)
01e81748	function	.text	BlendFunc__Q34scee3Psp2GuQ44scee3Psp2Gu15EBlendOperationQ44scee3Psp2Gu14EBlendFunctionT2UiUi	scee::Psp::Gu::BlendFunc(scee::Psp::Gu::EBlendOperation, scee::Psp::Gu::EBlendFunction, scee::Psp::Gu::EBlendFunction, unsigned int, unsigned int)
01e81718	function	.text	ColorFunc__Q34scee3Psp2GuQ44scee3Psp2Gu13ETestFunctionUiUi	scee::Psp::Gu::ColorFunc(scee::Psp::Gu::ETestFunction, unsigned int, unsigned int)
01e81610	function	.text	TexWrap__Q34scee3Psp2GuQ44scee3Psp2Gu16ETextureWrapModeT1	scee::Psp::Gu::TexWrap(scee::Psp::Gu::ETextureWrapMode, scee::Psp::Gu::ETextureWrapMode)
01e8af10	function	.text	HUDOFFSET_GetOffset__FUi	HUDOFFSET_GetOffset(unsigned int)
01e89f20	function	.text	ANIM_GetBoneMatrix__FUib	ANIM_GetBoneMatrix(unsigned int, bool)
01e74b38	function	.text	EmitParticles__FiPC23GCSPAR_StreckBoxEmitteriff	EmitParticles(int, GCSPAR_StreckBoxEmitter const *, int, float, float)
01e90dd8	function	.text	SND_MCPShutdown__Fv	SND_MCPShutdown(void)
01e6cad8	function	.text	MCPTRANS_SHRINK_StartSound__Fv	MCPTRANS_SHRINK_StartSound(void)
01e6cbc8	function	.text	_GLOBAL_$I$MCP_mcptrans_shrink.cppw2caaa	global constructors keyed to MCP_mcptrans_shrink.cppw2caaa
01e75400	function	.text	ShrinkBeam_RegisterSystems__Fv	ShrinkBeam_RegisterSystems(void)
01e76010	function	.text	SpiralSphere_Start__FP12Spiral_GroupPC4VEC3T1UifT1i	SpiralSphere_Start(Spiral_Group *, VEC3 const *, VEC3 const *, unsigned int, float, VEC3 const *, int)
01e75380	function	.text	Spiral_Stop__FP12Spiral_Group	Spiral_Stop(Spiral_Group *)
01e81738	function	.text	DepthFunc__Q34scee3Psp2GuQ44scee3Psp2Gu13ETestFunction	scee::Psp::Gu::DepthFunc(scee::Psp::Gu::ETestFunction)
01e81728	function	.text	StencilFunc__Q34scee3Psp2GuQ44scee3Psp2Gu13ETestFunctionUcUc	scee::Psp::Gu::StencilFunc(scee::Psp::Gu::ETestFunction, unsigned char, unsigned char)
01e81730	function	.text	StencilOp__Q34scee3Psp2GuQ44scee3Psp2Gu17EStencilOperationN21	scee::Psp::Gu::StencilOp(scee::Psp::Gu::EStencilOperation, scee::Psp::Gu::EStencilOperation, scee::Psp::Gu::EStencilOperation)
01e81720	function	.text	AlphaFunc__Q34scee3Psp2GuQ44scee3Psp2Gu13ETestFunctionUcUc	scee::Psp::Gu::AlphaFunc(scee::Psp::Gu::ETestFunction, unsigned char, unsigned char)
01e815b0	function	.text	ColorMaterial__Q34scee3Psp2GuUi	scee::Psp::Gu::ColorMaterial(unsigned int)
01e81750	function	.text	SetMatrix__Q34scee3Psp2GuQ44scee3Psp2Gu11EMatrixTypePC14ScePspFMatrix4	scee::Psp::Gu::SetMatrix(scee::Psp::Gu::EMatrixType, ScePspFMatrix4 const *)
01e6d340	function	.text	MCPTRANS_FALL_SpeckEmitterUpdate__Fv	MCPTRANS_FALL_SpeckEmitterUpdate(void)
01e6d508	function	.text	MCPTRANS_FALL_StartSound__Fv	MCPTRANS_FALL_StartSound(void)
01e6d5f8	function	.text	_GLOBAL_$I$MCP_mcptrans_fall.cppalcaaa	global constructors keyed to MCP_mcptrans_fall.cppalcaaa
01e83b48	function	.text	SYSTEM_SetClearColor__FUi	SYSTEM_SetClearColor(unsigned int)
01e81d00	function	.text	RotateX__Q34scee3Psp3Gumf	scee::Psp::Gum::RotateX(float)
01e6ddb0	function	.text	MCPTRANS_DREAM_SpeckEmitterUpdate__Fv	MCPTRANS_DREAM_SpeckEmitterUpdate(void)
01e6df78	function	.text	MCPTRANS_DREAM_StartSound__Fv	MCPTRANS_DREAM_StartSound(void)
01e6e068	function	.text	_GLOBAL_$I$MCP_mcptrans_dream.cppYzcaaa	global constructors keyed to MCP_mcptrans_dream.cppYzcaaa
01ef0870	data	.data	EngineParts	EngineParts
01e6e428	function	.text	RatchetShipExhaust_EmitParticles__FiUiUiP31RatchetShipExhaust_JointStoragef	RatchetShipExhaust_EmitParticles(int, unsigned int, unsigned int, RatchetShipExhaust_JointStorage *, float)
01e6e4f0	function	.text	RatchetShipExhaust_EmitParticles__FiUiUifff	RatchetShipExhaust_EmitParticles(int, unsigned int, unsigned int, float, float, float)
01e70008	function	.text	_GLOBAL_$I$particles_RatchetShipExhaust.cppiSbaaa	global constructors keyed to particles_RatchetShipExhaust.cppiSbaaa
01e77148	function	.text	VEC_MulMat4Vec3ZeroW__FP4VEC3PC7MATRIX4PC4VEC3	VEC_MulMat4Vec3ZeroW(VEC3 *, MATRIX4 const *, VEC3 const *)
01e7add8	function	.text	PAR_Emit__FPiii	PAR_Emit(int *, int, int)
01e7a338	function	.text	PAR_CreateSystemInternal__FP10PAR_SystemUiPFPviPC9PAR_GroupPC29PAR_UpdateAndTesselateContext_iiiiPFP9PAR_Group_v	PAR_CreateSystemInternal(PAR_System *, unsigned int, int (*)(void *, int, PAR_Group const *, PAR_UpdateAndTesselateContext const *), int, int, int, void (*)(PAR_Group *))
01e7a510	function	.text	PAR_RegisterSystem__FPC10PAR_System	PAR_RegisterSystem(PAR_System const *)
01e703a8	function	.text	ClankTransExhaust_EmitParticles__FiUiUiP30ClankTransExhaust_JointStorage	ClankTransExhaust_EmitParticles(int, unsigned int, unsigned int, ClankTransExhaust_JointStorage *)
01e70460	function	.text	ClankTransExhaust_EmitParticles__FiUiUiff	ClankTransExhaust_EmitParticles(int, unsigned int, unsigned int, float, float)
01e71e58	function	.text	_GLOBAL_$I$particles_ClankTransExhaust.cpp6Pcaaa	global constructors keyed to particles_ClankTransExhaust.cpp6Pcaaa
01e721f8	function	.text	SkyboardTransExhaust_EmitParticles__FiUiUiP33SkyboardTransExhaust_JointStorage	SkyboardTransExhaust_EmitParticles(int, unsigned int, unsigned int, SkyboardTransExhaust_JointStorage *)
01e722b0	function	.text	SkyboardTransExhaust_EmitParticles__FiUiUiff	SkyboardTransExhaust_EmitParticles(int, unsigned int, unsigned int, float, float)
01e73c08	function	.text	_GLOBAL_$I$particles_SkyboardTransExhaust.cppyZaaaa	global constructors keyed to particles_SkyboardTransExhaust.cppyZaaaa
01e75008	function	.text	_GLOBAL_$I$particles_GCS_STrek.cppEncaaa	global constructors keyed to particles_GCS_STrek.cppEncaaa
01e772a8	function	.text	VEC_MulMat4Vec3__FP4VEC3PC8MATRIX43PC4VEC3	VEC_MulMat4Vec3(VEC3 *, MATRIX43 const *, VEC3 const *)
01e750b0	function	.text	RIBBON_ClearInactiveJoints__FP20PAR_ParticleIteratorPC9PAR_Groupii	RIBBON_ClearInactiveJoints(PAR_ParticleIterator *, PAR_Group const *, int, int)
01e75230	function	.text	_GLOBAL_$I$particles_Ribbon.cppuRcaaa	global constructors keyed to particles_Ribbon.cppuRcaaa
01e7ac28	function	.text	PAR_CreateGroup__FP9PAR_Groupi13PAR_BlockMode	PAR_CreateGroup(PAR_Group *, int, PAR_BlockMode)
01e7ae10	function	.text	PAR_Emit__FPiP9PAR_Groupi	PAR_Emit(int *, PAR_Group *, int)
01e75250	function	.text	Spiral_CreateGroup__FP12Spiral_Groupi	Spiral_CreateGroup(Spiral_Group *, int)
01e75270	function	.text	Spiral_EmitJoint__FP12Spiral_GroupPC12Spiral_Pointb	Spiral_EmitJoint(Spiral_Group *, Spiral_Point const *, bool)
01e753e0	function	.text	_GLOBAL_$I$particles_Spiral.cppTjcaaa	global constructors keyed to particles_Spiral.cppTjcaaa
01f1e6e8	data	.rodata	G_UpVector	G_UpVector
01e76bf0	function	.text	VEC_MultiplyMatrix3__FP7MATRIX3PC7MATRIX3T1	VEC_MultiplyMatrix3(MATRIX3 *, MATRIX3 const *, MATRIX3 const *)
01e770a0	function	.text	VEC_MulMat3Vec3__FP4VEC3PC7MATRIX3PC4VEC3	VEC_MulMat3Vec3(VEC3 *, MATRIX3 const *, VEC3 const *)
01e7ada0	function	.text	PAR_DestroyGroup__FP9PAR_Group	PAR_DestroyGroup(PAR_Group *)
01e75fa0	function	.text	SpiralSphere_RegisterSystem__F10DRAW_Layeri15DRAW_ZWriteMode17DRAW_ColorKeyMode14DRAW_BloomMode14DRAW_BlendMode	SpiralSphere_RegisterSystem(DRAW_Layer, int, DRAW_ZWriteMode, DRAW_ColorKeyMode, DRAW_BloomMode, DRAW_BlendMode)
01e761d8	function	.text	_GLOBAL_$I$mobys_ShrinkBeam_ShrinkBeam.cppvKcaaa	global constructors keyed to mobys_ShrinkBeam_ShrinkBeam.cppvKcaaa
01f1e6a8	data	.rodata	g_identityMatrix43	g_identityMatrix43
01f1e6d8	data	.rodata	g_zeroVec3	g_zeroVec3
01e76380	function	.text	VEC_ConstructRotZMat3__FP7MATRIX3f	VEC_ConstructRotZMat3(MATRIX3 *, float)
01e76418	function	.text	VEC_InverseMat4__FP7MATRIX4PC7MATRIX4	VEC_InverseMat4(MATRIX4 *, MATRIX4 const *)
01e77430	function	.text	VEC_MakeMat3FromYawPitch__FP7MATRIX3ff	VEC_MakeMat3FromYawPitch(MATRIX3 *, float, float)
01e77ca8	function	.text	Quat_ConvertToMatrixInternal__H1Z7MATRIX4_PX01PC4QUAT_v	void Quat_ConvertToMatrixInternal<MATRIX4>(MATRIX4 *, QUAT const *)
01e77d98	function	.text	_GLOBAL_$I$SHARED_Math_quat.cppR3caaa	global constructors keyed to SHARED_Math_quat.cppR3caaa
01e96790	function	.text	dpcmp	dpcmp
01e96200	function	.text	dpsub	dpsub
01ef0d7c	data	.data	g_draw_applyView	g_draw_applyView
01f1e778	data	.rodata	g_draw_vertSize	g_draw_vertSize
01f1e7a0	data	.rodata	g_draw_vertAlign	g_draw_vertAlign
01e77db8	function	.text	DRAW_Reset__Fv	DRAW_Reset(void)
01f69578	data	.bss	g_draw_endMesh	g_draw_endMesh
01e782e8	function	.text	DRAW_AllocNextMesh__FPviUiiiPC16DRAW_ExtMaterialUi	DRAW_AllocNextMesh(void *, int, unsigned int, int, int, DRAW_ExtMaterial const *, unsigned int)
01f69570	data	.bss	g_draw_currentMesh	g_draw_currentMesh
01f69568	data	.bss	g_draw_vertSpace	g_draw_vertSpace
01f69560	data	.bss	g_draw_vertTail	g_draw_vertTail
01f695a0	data	.bss	g_draw_preRenderContextTail	g_draw_preRenderContextTail
01f69598	data	.bss	g_draw_preRenderContextSpace	g_draw_preRenderContextSpace
01f69580	data	.bss	g_draw_currentMaterial	g_draw_currentMaterial
01e78ca0	function	.text	DRAW_GetRenderContext__FUib	DRAW_GetRenderContext(unsigned int, bool)
01e78cc8	function	.text	DRAW_GetTextureSize__FPiT0i	DRAW_GetTextureSize(int *, int *, int)
01f69588	data	.bss	g_draw_currentSortDepth	g_draw_currentSortDepth
01f69590	data	.bss	g_draw_currentVertPerPrim	g_draw_currentVertPerPrim
01e79fe0	function	.text	_GLOBAL_$I$ENGINE_draw.cppwzbaaa	global constructors keyed to ENGINE_draw.cppwzbaaa
01e8c2e8	function	.text	MEM_malloc_uncached__FUi12MEMAssetTypePcUi	MEM_malloc_uncached(unsigned int, MEMAssetType, char *, unsigned int)
01e8c330	function	.text	MEM_memalign__FUiUi12MEMAssetTypePcUi	MEM_memalign(unsigned int, unsigned int, MEMAssetType, char *, unsigned int)
01e84b60	function	.text	SYSTEM_BuildMatrixUploadCallList__FP6QWdata15PS2_MATRIX_SLOTPC8MATRIX43b	SYSTEM_BuildMatrixUploadCallList(QWdata *, PS2_MATRIX_SLOT, MATRIX43 const *, bool)
01e84aa8	function	.text	SYSTEM_BuildUploadVecs__FP6QWdataUiP4VEC4Ui	SYSTEM_BuildUploadVecs(QWdata *, unsigned int, VEC4 *, unsigned int)
01e935f8	function	.text	VRAM_GetViewport__FPiN30	VRAM_GetViewport(int *, int *, int *, int *)
01e935c0	function	.text	VRAM_GetOffset__FPiT0	VRAM_GetOffset(int *, int *)
01e85150	function	.text	SYSTEM_SetAlphaTestMode__FbUcUi	SYSTEM_SetAlphaTestMode(bool, unsigned char, unsigned int)
01e93310	function	.text	VRAM_RenderTo__FP12RenderTargetUi	VRAM_RenderTo(RenderTarget *, unsigned int)
01e84f78	function	.text	SYSTEM_ActivateMicrocode__F13PS2_MICROCODE	SYSTEM_ActivateMicrocode(PS2_MICROCODE)
01ef5740	data	.data	scissor_giftag_textured_unfogged	scissor_giftag_textured_unfogged
01e7aeb8	function	.text	PAR_UnitDestroy__FPv	PAR_UnitDestroy(void *)
01e7ac80	function	.text	PAR_ClearGroup__FP9PAR_Group	PAR_ClearGroup(PAR_Group *)
01ef0d9c	data	.data	g_TexturesLoaded	g_TexturesLoaded
01e7bc38	function	.text	_GLOBAL_$I$ENGINE_particle.cppFwcaaa	global constructors keyed to ENGINE_particle.cppFwcaaa
01e8cec0	function	.text	WAD_FindAssetsByType__F14WAD_ASSET_TYPEP10WAD_HEADER	WAD_FindAssetsByType(WAD_ASSET_TYPE, WAD_HEADER *)
01ef5d14	data	.data	g_pLevelWadData	g_pLevelWadData
01ef0db0	data	.data	GreyTexture_Size	GreyTexture_Size
01ef0dc0	data	.data	GreyTexture_Data	GreyTexture_Data
01ef1024	data	.data	g_TEXMGR_DefaultTexture	g_TEXMGR_DefaultTexture
01ef1028	data	.data	g_TEXMGR_GreyTexture	g_TEXMGR_GreyTexture
01ef1034	data	.data	g_bDoubleTextures	g_bDoubleTextures
01ef1038	data	.data	g_TEXMGR_NextTexture	g_TEXMGR_NextTexture
01f69eb8	data	.bss	g_Textures	g_Textures
01e7bd68	function	.text	TEXMGR_SetActiveTextureFromRenderTarget__FP12RenderTargetb	TEXMGR_SetActiveTextureFromRenderTarget(RenderTarget *, bool)
01e7cf88	function	.text	float_to_k__Ff	float_to_k(float)
01e7cd00	function	.text	image_upload__FP13DLIB_DISPLISTP10PS2Textureii	image_upload(DLIB_DISPLIST *, PS2Texture *, int, int)
01e7c478	function	.text	TEXMGR_SetColorIndexWithColorTo__FP13SceGimPictureUiUiP29tTEXMGR_ALPHA_COLOR_TOLERANCE	TEXMGR_SetColorIndexWithColorTo(SceGimPicture *, unsigned int, unsigned int, tTEXMGR_ALPHA_COLOR_TOLERANCE *)
01e7c5d8	function	.text	TEXMGR_SwizzleTexture__FP13SceGimPicture	TEXMGR_SwizzleTexture(SceGimPicture *)
01e930d8	function	.text	VRAM_Alloc__FUi12MEMAssetType	VRAM_Alloc(unsigned int, MEMAssetType)
01ed5518	function	.text	sceOpen	sceOpen
01ed5920	function	.text	sceLseek	sceLseek
01ed5b60	function	.text	sceRead	sceRead
01ed57a8	function	.text	sceClose	sceClose
01e812f0	function	.text	sceGimPictureLoadFile__FP13SceGimPicturePCvii	sceGimPictureLoadFile(SceGimPicture *, void const *, int, int)
01e81398	function	.text	sceGimPictureGetImage__FP13SceGimPicture	sceGimPictureGetImage(SceGimPicture *)
01e813c8	function	.text	sceGimPictureGetImagePixels__FP13SceGimPictureii	sceGimPictureGetImagePixels(SceGimPicture *, int, int)
01e81438	function	.text	sceGimPictureGetPalettePixels__FP13SceGimPictureii	sceGimPictureGetPalettePixels(SceGimPicture *, int, int)
01e8b0d0	function	.text	UTIL_32bitStringHash__FPCc	UTIL_32bitStringHash(char const *)
01e813b0	function	.text	sceGimPictureGetPalette__FP13SceGimPicture	sceGimPictureGetPalette(SceGimPicture *)
01e8c2b8	function	.text	MEM_AddAssetUsage__F12MEMAssetTypeUi	MEM_AddAssetUsage(MEMAssetType, unsigned int)
01ef1044	data	.data	VignetteTexture_Size	VignetteTexture_Size
01ef1048	data	.data	g_VignetteHandle	g_VignetteHandle
01ef1060	data	.data	g_RENDEREFFECT_SWIRLY_InvFalloff	g_RENDEREFFECT_SWIRLY_InvFalloff
01f70ae0	data	.bss	g_Fog	g_Fog
01ef10a4	data	.data	bloomColorVal	bloomColorVal
01ef10a8	data	.data	bloomCompositeColor	bloomCompositeColor
01ef10ac	data	.data	halfOffset	halfOffset
01ef10b0	data	.data	halfOffset2	halfOffset2
01ef10b8	data	.data	g_bDoBloom	g_bDoBloom
01e7d480	function	.text	BLOOM_Downsample__FP12RenderTargetT0	BLOOM_Downsample(RenderTarget *, RenderTarget *)
01ef10bc	data	.data	g_UpscaleAlpha	g_UpscaleAlpha
01ef10c0	data	.data	upsampleXOff	upsampleXOff
01e7d708	function	.text	BLOOM_Upsample__FP12RenderTargetT0Ui	BLOOM_Upsample(RenderTarget *, RenderTarget *, unsigned int)
01ef10c8	data	.data	blurHalfOffset	blurHalfOffset
01e7d8c8	function	.text	BLOOM_BlurHV__FP12RenderTargetUi	BLOOM_BlurHV(RenderTarget *, unsigned int)
01e7dc68	function	.text	DrawRenderTarget__FUiUiP12RenderTarget	DrawRenderTarget(unsigned int, unsigned int, RenderTarget *)
01ef10cc	data	.data	g_bShowBloom	g_bShowBloom
01ef10cd	data	.data	g_bBloomDoTexFlush	g_bBloomDoTexFlush
01ef10d4	data	.data	g_HDR_SubColor	g_HDR_SubColor
01ef10d8	data	.data	g_HDR_AccumColor	g_HDR_AccumColor
01ef10dc	data	.data	g_HDR_UpscaleAlpha	g_HDR_UpscaleAlpha
01ef10e0	data	.data	g_HDR_showbuf	g_HDR_showbuf
01ef1100	data	.data	VignetteTexture_Data	VignetteTexture_Data
01e7f2a8	function	.text	DrawReferencedStripData__FUiP13WAVY_VERT_PS2	DrawReferencedStripData(unsigned int, WAVY_VERT_PS2 *)
01e80220	function	.text	GenerateNewPube__FP4PUBEUiUif	GenerateNewPube(PUBE *, unsigned int, unsigned int, float)
01e804d8	function	.text	JigglePube__FP4PUBE	JigglePube(PUBE *)
01e80758	function	.text	DrawPube__FP4PUBE	DrawPube(PUBE *)
01e80780	function	.text	DrawVLINE__FP6VLINES	DrawVLINE(VLINES *)
01f74960	data	.bss	g_PUBES	g_PUBES
01f75310	data	.bss	g_VLINES	g_VLINES
01f75120	data	.bss	g_MONSTERPUBE	g_MONSTERPUBE
01e81040	function	.text	_GLOBAL_$I$ENGINE_rendereffect.cppTNcaaa	global constructors keyed to ENGINE_rendereffect.cppTNcaaa
01e93588	function	.text	VRAM_RenderFrom__FP12RenderTargetb	VRAM_RenderFrom(RenderTarget *, bool)
01e85778	function	.text	SYSTEM_SetBlendEnabled__Fb	SYSTEM_SetBlendEnabled(bool)
01e856b8	function	.text	SYSTEM_SetBloomWrite__Fb	SYSTEM_SetBloomWrite(bool)
01e85790	function	.text	Draw2DLineStrip__FP4VEC3UiUi	Draw2DLineStrip(VEC3 *, unsigned int, unsigned int)
01e8b690	function	.text	UTIL_Draw2DLine__FP4VEC3UiUi	UTIL_Draw2DLine(VEC3 *, unsigned int, unsigned int)
01e81060	function	.text	sceGimPictureCheckFileHeader__FPCvi	sceGimPictureCheckFileHeader(void const *, int)
01e810f0	function	.text	sceGimPictureGetRootChunk__FPCvi	sceGimPictureGetRootChunk(void const *, int)
01e810b8	function	.text	sceGimPictureGetChunk__FPCvii	sceGimPictureGetChunk(void const *, int, int)
01e81110	function	.text	sceGimPictureFindChildChunk__FPC11SceGimChunkii	sceGimPictureFindChildChunk(SceGimChunk const *, int, int)
01e81180	function	.text	sceGimPictureReconfigure__FP13SceGimPicture	sceGimPictureReconfigure(SceGimPicture *)
01e81188	function	.text	sceGimPictureLoad__FP13SceGimPicturePC11SceGimChunk	sceGimPictureLoad(SceGimPicture *, SceGimChunk const *)
01ef5668	data	.data	_Q34scee3Psp2Gu$g_CurColorHack	scee::Psp::Gu::g_CurColorHack
01e81538	function	.text	ClearStencil__Q34scee3Psp2GuUc	scee::Psp::Gu::ClearStencil(unsigned char)
01e81560	function	.text	DepthRange__Q34scee3Psp2GuUsUs	scee::Psp::Gu::DepthRange(unsigned short, unsigned short)
01e81710	function	.text	Scissor__Q34scee3Psp2GuUsUsUsUs	scee::Psp::Gu::Scissor(unsigned short, unsigned short, unsigned short, unsigned short)
01e84968	function	.text	SYSTEM_UploadMatrix__F15PS2_MATRIX_SLOTP7MATRIX4	SYSTEM_UploadMatrix(PS2_MATRIX_SLOT, MATRIX4 *)
01f77900	data	.bss	_Q34scee3Psp3Gum$s_context	scee::Psp::Gum::s_context
01e84ec8	function	.text	SYSTEM_ScreenMatrixIsDirty__Fv	SYSTEM_ScreenMatrixIsDirty(void)
01e84e18	function	.text	SYSTEM_ThroughmodeMatrixIsDirty__Fv	SYSTEM_ThroughmodeMatrixIsDirty(void)
01ef5701	data	.data	g_SYSTEM_BlendEnabled	g_SYSTEM_BlendEnabled
01ef571c	data	.data	g_videoFormat	g_videoFormat
01ef5730	data	.data	scissor_giftag_textured	scissor_giftag_textured
01ef5750	data	.data	MICROCODE_TABLE	MICROCODE_TABLE
01ef57ac	data	.data	G_buffer_cache_size	G_buffer_cache_size
01ef57b0	data	.data	G_buffer_cache_ptr	G_buffer_cache_ptr
01e82c78	function	.text	AdjustDLISTSize__FUiPP6QWdataPUi	AdjustDLISTSize(unsigned int, QWdata **, unsigned int *)
01e84548	function	.text	customGsSyncPath__FiUs	customGsSyncPath(int, unsigned short)
01e82d68	function	.text	UpdateBufferCacheState__Fv	UpdateBufferCacheState(void)
01e82e90	function	.text	SYSTEM_InitGSSettings__FP12RenderTargetT0bUiT2	SYSTEM_InitGSSettings(RenderTarget *, RenderTarget *, bool, unsigned int, bool)
01e83b58	function	.text	VsyncIntHand__Fi	VsyncIntHand(int)
01e83b80	function	.text	sceDisplayGetVcount__Fv	sceDisplayGetVcount(void)
01e83b90	function	.text	sceDisplayWaitVblankStart__Fv	sceDisplayWaitVblankStart(void)
01e83bd8	function	.text	SYSTEM_LoadIOPModule__FPc	SYSTEM_LoadIOPModule(char *)
01e83df8	function	.text	UTIL_GS_WRITE_FIFO__FP11DLIB_GIFTAG	UTIL_GS_WRITE_FIFO(DLIB_GIFTAG *)
01f78dc0	data	.bss	g_LastDListSize	g_LastDListSize
01ef57c8	data	.data	MatrixAddresses	MatrixAddresses
01f78bc8	data	.bss	g_STATE	g_STATE
01e85428	function	.text	SYSTEM_RefreshTestAndZStates__Fv	SYSTEM_RefreshTestAndZStates(void)
01e85fd8	function	.text	Signal__Q34scee3Psp2GuUs	scee::Psp::Gu::Signal(unsigned short)
01e860c8	function	.text	sceKernelGetSystemTimeWide__Fv	sceKernelGetSystemTimeWide(void)
01e86188	function	.text	_GLOBAL_$I$ENGINE_UTIL_PS2System.cppdCbaaa	global constructors keyed to ENGINE_UTIL_PS2System.cppdCbaaa
01fd3370	data	.bss	g_dlibBufferSize	g_dlibBufferSize
01ef6a40	data	.data	g_dlibBuffer	g_dlibBuffer
01e93768	function	.text	dlib_displist_init__FP13DLIB_DISPLISTP6QWdataUi	dlib_displist_init(DLIB_DISPLIST *, QWdata *, unsigned int)
01e93a30	function	.text	dlib_displist_clear__FP13DLIB_DISPLIST	dlib_displist_clear(DLIB_DISPLIST *)
01e9bd20	function	.text	sceGsResetGraph	sceGsResetGraph
01e9bfa8	function	.text	sceGsSetDefDBuff	sceGsSetDefDBuff
01e9bec0	function	.text	sceGsPutDrawEnv	sceGsPutDrawEnv
01e95b80	function	.text	exit	exit
01ed85b8	function	.text	sceSifLoadModule	sceSifLoadModule
01ed7b88	function	.text	sceSifInitIopHeap	sceSifInitIopHeap
01ec5518	function	.text	sceSdRemoteInit	sceSdRemoteInit
01e8c1e8	function	.text	MEM_InitializeMemory__Fv	MEM_InitializeMemory(void)
01e93190	function	.text	VRAM_Initialize__Fv	VRAM_Initialize(void)
01ed0740	function	.text	AddIntcHandler	AddIntcHandler
01ed14d0	function	.text	EnableIntc	EnableIntc
01e95d38	function	.text	__muldi3	__muldi3
01e8c028	function	.text	STAT_CPU_DONE__Fv	STAT_CPU_DONE(void)
01e8c118	function	.text	STAT_EndFrame__Fv	STAT_EndFrame(void)
01e8c078	function	.text	STAT_GPU_DONE__FUi	STAT_GPU_DONE(unsigned int)
01e932a8	function	.text	VRAM_SwapFrameBuffers__Fb	VRAM_SwapFrameBuffers(bool)
01e8c0e8	function	.text	STAT_BeginFrame__Fv	STAT_BeginFrame(void)
01e95ca0	function	.text	__floatdidf	__floatdidf
01e961a8	function	.text	dpadd	dpadd
01e96510	function	.text	dpdiv	dpdiv
01e95bb0	function	.text	__fixunsdfdi	__fixunsdfdi
01ef5818	data	.data	gENG_nResources	gENG_nResources
01f78de0	data	.bss	gENG_InstanceResources	gENG_InstanceResources
01e86c20	function	.text	GDEMESH_GetFreeMeshResourceHandle__Fv	GDEMESH_GetFreeMeshResourceHandle(void)
01e86c88	function	.text	_GLOBAL_$I$ENGINE_gdemesh.cpp3tcaaa	global constructors keyed to ENGINE_gdemesh.cpp3tcaaa
01e86e88	function	.text	LIGHT_SetupLightsNearPoint__FPC4VEC314LIGHTING_MODELUiPC9NodeLight	LIGHT_SetupLightsNearPoint(VEC3 const *, LIGHTING_MODEL, unsigned int, NodeLight const *)
01e8a880	function	.text	MATERIAL_Activate__FPC12Material_PS2UiUib	MATERIAL_Activate(Material_PS2 const *, unsigned int, unsigned int, bool)
01e86e50	function	.text	LIGHT_SetAmbient__FUi	LIGHT_SetAmbient(unsigned int)
01ef58bc	data	.data	g_LIGHT_MeshScaleValue	g_LIGHT_MeshScaleValue
01e86d10	function	.text	_GLOBAL_$I$ENGINE_alphasort.cppVJcaaa	global constructors keyed to ENGINE_alphasort.cppVJcaaa
01ef5864	data	.data	g_LIGHT_Ambient	g_LIGHT_Ambient
01ef586c	data	.data	G_ShadowBlobHandle	G_ShadowBlobHandle
01ef5870	data	.data	G_nDynamicPointLights	G_nDynamicPointLights
01ef5874	data	.data	G_nDynamicDirectionalLights	G_nDynamicDirectionalLights
01ef5878	data	.data	G_nDynamicSpotLights	G_nDynamicSpotLights
01ef587c	data	.data	g_pLightTransform	g_pLightTransform
01ef58ac	data	.data	g_LIGHTPacketBuffer	g_LIGHTPacketBuffer
01ef58b0	data	.data	g_LIGHTPacketPtr	g_LIGHTPacketPtr
01ef58b4	data	.data	g_LIGHTPacketBufferSpaceLeft	g_LIGHTPacketBufferSpaceLeft
01f7a810	data	.bss	g_LIGHTcntTag	g_LIGHTcntTag
01f793d0	data	.bss	g_DynamicPointLights	g_DynamicPointLights
01e88710	function	.text	LIGHT_SetupLightsNearPoint__FPC4VEC314LIGHTING_MODELUiPC9NodeLightUiPC16DirectionalLightUiPC10PointLight	LIGHT_SetupLightsNearPoint(VEC3 const *, LIGHTING_MODEL, unsigned int, NodeLight const *, unsigned int, DirectionalLight const *, unsigned int, PointLight const *)
01e86ec8	function	.text	LIGHT_SetupLightsNearPoint__FPUiUiPC4VEC314LIGHTING_MODELUiPC9NodeLightUiPC16DirectionalLightUiPC10PointLight	LIGHT_SetupLightsNearPoint(unsigned int *, unsigned int, VEC3 const *, LIGHTING_MODEL, unsigned int, NodeLight const *, unsigned int, DirectionalLight const *, unsigned int, PointLight const *)
01e887f8	function	.text	_GLOBAL_$I$ENGINE_light.cppqAcaaa	global constructors keyed to ENGINE_light.cppqAcaaa
01e8db28	function	.text	LOADER_LoadTexture__FUi14WAD_ASSET_TYPE	LOADER_LoadTexture(unsigned int, WAD_ASSET_TYPE)
01ef5910	data	.data	g_CurrentDynamicColor	g_CurrentDynamicColor
01ef5914	data	.data	g_CurrentAmbientColor	g_CurrentAmbientColor
01ef58c8	data	.data	g_pCurrentClipPlanes	g_pCurrentClipPlanes
01f7a840	data	.bss	g_viewMat	g_viewMat
01f7a900	data	.bss	g_WorldClipPlanes	g_WorldClipPlanes
01e89608	function	.text	_GLOBAL_$I$ENGINE_DeferredRender.cppyEcaaa	global constructors keyed to ENGINE_DeferredRender.cppyEcaaa
01ef58e4	data	.data	boneWorldMatrix	boneWorldMatrix
01f7aa90	data	.bss	g_anim_boneWorldMatrixBuffer	g_anim_boneWorldMatrixBuffer
01ef58ec	data	.data	g_JointBufferSpaceUsedMax	g_JointBufferSpaceUsedMax
01ef58f0	data	.data	g_JointBufferSpaceUsed	g_JointBufferSpaceUsed
01ef58f4	data	.data	g_JointMatrixActiveBuffer	g_JointMatrixActiveBuffer
01ef58f8	data	.data	g_JointMatrixBufferSize	g_JointMatrixBufferSize
01ef58fc	data	.data	g_animLODLevel	g_animLODLevel
01f7ca90	data	.bss	boneComponents	boneComponents
01f7e294	data	.bss	g_pSkeletonInfo	g_pSkeletonInfo
01f7aa50	data	.bss	boneWorldMatrixIdent	boneWorldMatrixIdent
01f7e290	data	.bss	g_animSkeletonID	g_animSkeletonID
01f7e2b0	data	.bss	profNumSingleCltrs	profNumSingleCltrs
01f7e2b8	data	.bss	profNumCacheCltrs	profNumCacheCltrs
01f7e2b4	data	.bss	profNumSeekCltrs	profNumSeekCltrs
01f7e2ac	data	.bss	profNumSeeks	profNumSeeks
01f7e2a8	data	.bss	profNumBonesAnimated	profNumBonesAnimated
01e89a58	function	.text	ANIM_CreateOutputMatrices__FP16GDE_SkeletonInfoP18GDE_BoneComponents	ANIM_CreateOutputMatrices(GDE_SkeletonInfo *, GDE_BoneComponents *)
01e89fd0	function	.text	ANIM_AllocJointMatrices	ANIM_AllocJointMatrices
01e8a080	function	.text	_GLOBAL_$I$ENGINE_animation.cppJIcaaa	global constructors keyed to ENGINE_animation.cppJIcaaa
01e8a708	function	.text	_GLOBAL_$I$ENGINE_skinmesh.cpp73caaa	global constructors keyed to ENGINE_skinmesh.cpp73caaa
01ef591a	data	.data	g_MATERIAL_bIgnoreMatBloom	g_MATERIAL_bIgnoreMatBloom
01e8a740	function	.text	MATERIAL_RegisterForUpdate__FP12Material_PS2	MATERIAL_RegisterForUpdate(Material_PS2 *)
01e8ae78	function	.text	_GLOBAL_$I$ENGINE_material.cppJmcaaa	global constructors keyed to ENGINE_material.cppJmcaaa
01e8aee8	function	.text	_GLOBAL_$I$HUD_hudQueuedPrompter.cpp1Ucaaa	global constructors keyed to HUD_hudQueuedPrompter.cpp1Ucaaa
01ef5938	data	.data	sg_HudOffsetData	sg_HudOffsetData
01ef5c08	data	.data	ascii_special	ascii_special
01e8af48	function	.text	Ascii2Sjis__FUc	Ascii2Sjis(unsigned char)
01ef5ca0	data	.data	g_bTryAntialias	g_bTryAntialias
01e8c5b8	function	.text	HIT_fseek__FPii9SEEKPARAM	HIT_fseek(int *, int, SEEKPARAM)
01ef5ca8	data	.data	g_CPUTimeStart	g_CPUTimeStart
01ef5cb0	data	.data	g_GPUTimeStart	g_GPUTimeStart
01ef5cb8	data	.data	STAT_nFrames	STAT_nFrames
01ef5cbc	data	.data	STAT_nLastFrame	STAT_nLastFrame
01ef5cc0	data	.data	STAT_LastDListUsage	STAT_LastDListUsage
01ef5cc4	data	.data	STAT_MaxDListUsage	STAT_MaxDListUsage
01f7e480	data	.bss	STAT_CPUTimes	STAT_CPUTimes
01f7e500	data	.bss	STAT_GPUTimes	STAT_GPUTimes
01f7e400	data	.bss	STAT_FrameTimes	STAT_FrameTimes
01e8c1a8	function	.text	sceKernelMaxFreeMemSize__Fv	sceKernelMaxFreeMemSize(void)
01e8c1c8	function	.text	sceKernelTotalFreeMemSize__Fv	sceKernelTotalFreeMemSize(void)
01f7e580	data	.bss	g_GlobalContext	g_GlobalContext
01f7e638	data	.bss	g_text	g_text
01f7e5f8	data	.bss	g_eof	g_eof
01f7e618	data	.bss	g_err	g_err
01e8c6d8	function	.text	HIT_freadAsync__FPvUiUiPi	HIT_freadAsync(void *, unsigned int, unsigned int, int *)
01ed68b0	function	.text	sceDopen	sceDopen
01ed6ae0	function	.text	sceDread	sceDread
01ed6978	function	.text	sceDclose	sceDclose
01e8c7b8	function	.text	WAD_OffsetsToPointers__FP10WAD_HEADER	WAD_OffsetsToPointers(WAD_HEADER *)
01e8c8d8	function	.text	WAD_DecompCallback__FPUc	WAD_DecompCallback(unsigned char *)
01e8cdd8	function	.text	WAD_Load__FPCcPP10WAD_HEADERPPUc	WAD_Load(char const *, WAD_HEADER **, unsigned char **)
01e8ce38	function	.text	WAD_Load__FPCcP10WAD_HEADER	WAD_Load(char const *, WAD_HEADER *)
01e8cf08	function	.text	WAD_FindAssetsBySignature__FUi14WAD_ASSET_TYPEP10WAD_HEADER	WAD_FindAssetsBySignature(unsigned int, WAD_ASSET_TYPE, WAD_HEADER *)
01e8d008	function	.text	_GLOBAL_$I$SHARED_WAD_wadLoad.cppTJcaaa	global constructors keyed to SHARED_WAD_wadLoad.cppTJcaaa
01e8d6e8	function	.text	TJZIP_Decompress__FPUcT0UiPUiT0PFPUc_PUc	TJZIP_Decompress(unsigned char *, unsigned char *, unsigned int, unsigned int *, unsigned char *, unsigned char *(*)(unsigned char *))
01f1f650	data	.rodata	g_signatureTable	g_signatureTable
01ef5cf4	data	.data	g_pCallback	g_pCallback
01ef5cf8	data	.data	g_pCallbackAt	g_pCallbackAt
01e8d178	function	.text	TJZIP_ParseDictionaryCode__FPPUcT0PUi	TJZIP_ParseDictionaryCode(unsigned char **, unsigned char **, unsigned int *)
01e8d528	function	.text	TJZIP_ParseRawDataBlock__FPPUcT0PUi	TJZIP_ParseRawDataBlock(unsigned char **, unsigned char **, unsigned int *)
01e8d970	function	.text	_GLOBAL_$I$SHARED_tjzip.cppOQcaaa	global constructors keyed to SHARED_tjzip.cppOQcaaa
01e8da30	function	.text	_GLOBAL_$I$SYSTEMS_platformSysHigSys.cppsHcaaa	global constructors keyed to SYSTEMS_platformSysHigSys.cppsHcaaa
01e8daa0	function	.text	_GLOBAL_$I$SYSTEMS_powerDownCbArray.cpp4Acaaa	global constructors keyed to SYSTEMS_powerDownCbArray.cpp4Acaaa
01e8e238	function	.text	_GLOBAL_$I$SHARED_WAD_loader.cppaIcaaa	global constructors keyed to SHARED_WAD_loader.cppaIcaaa
01e8e5e8	function	.text	_GLOBAL_$I$SHARED_WAD_loadCharacter.cppFJbaaa	global constructors keyed to SHARED_WAD_loadCharacter.cppFJbaaa
01e96da8	function	.text	__builtin_vec_new	__builtin_vec_new
01ef5d20	data	.data	block32	block32
01ef5da0	data	.data	columnWord32	columnWord32
01f7e6c0	data	.bss	gsmem	gsmem
01ef5de0	data	.data	block16	block16
01ef5e60	data	.data	columnWord16	columnWord16
01ef5ee0	data	.data	columnHalf16	columnHalf16
01ef5f60	data	.data	block8	block8
01ef5fe0	data	.data	columnWord8	columnWord8
01ef61e0	data	.data	columnByte8	columnByte8
01ef62e0	data	.data	block4	block4
01ef6360	data	.data	columnWord4	columnWord4
01ef6760	data	.data	columnByte4	columnByte4
01fbe6c0	data	.bss	boxes	boxes
01ef6964	data	.data	higModuleSystemInitialized	higModuleSystemInitialized
01fbe750	data	.bss	modules	modules
01e8f4a8	function	.text	moduleThreadContainer__FPv	moduleThreadContainer(void *)
01e8f6f8	function	.text	_GLOBAL_$I$LIBHIG_modulemgr.cppjAcaaa	global constructors keyed to LIBHIG_modulemgr.cppjAcaaa
01e9b900	function	.text	snDllLoaded	snDllLoaded
01ed0870	function	.text	DeleteThread	DeleteThread
01ed08b0	function	.text	TerminateThread	TerminateThread
01e9ba48	function	.text	snDllUnload	snDllUnload
01ef6968	data	.data	_higPs2Heap	_higPs2Heap
01fd0838	data	.bss	gPs2HeapBlocks	gPs2HeapBlocks
01fd0810	data	.bss	HIGPS2_HEAP_SIZE	HIGPS2_HEAP_SIZE
01fd0818	data	.bss	gPs2Heap	gPs2Heap
01e8fba0	function	.text	_GLOBAL_$I$CORE_higPs2Heap.cpp2Kcaaa	global constructors keyed to CORE_higPs2Heap.cpp2Kcaaa
01e8fdd8	function	.text	GLOBALWAD_FindAssetsInWadBySignature__FP13WadLocationIDUi14WAD_ASSET_TYPE13WadLocationID	GLOBALWAD_FindAssetsInWadBySignature(WadLocationID *, unsigned int, WAD_ASSET_TYPE, WadLocationID)
01e90310	function	.text	GLOBALWAD_LoadTransitionWad__Fv	GLOBALWAD_LoadTransitionWad(void)
01e8ffe8	function	.text	GLOBALWAD_CopyAndFix__FP15WAD_FILE_HEADERRP15WAD_FILE_HEADERPvUiRUi	GLOBALWAD_CopyAndFix(WAD_FILE_HEADER *, WAD_FILE_HEADER *&, void *, unsigned int, unsigned int &)
01e901a8	function	.text	GLOBALWAD_SplitWadToIOP__FP10WAD_HEADERPvUiRUi	GLOBALWAD_SplitWadToIOP(WAD_HEADER *, void *, unsigned int, unsigned int &)
01e90848	function	.text	_GLOBAL_$I$SHARED_WAD_globalWad.cppbncaaa	global constructors keyed to SHARED_WAD_globalWad.cppbncaaa
01e90878	function	.text	SND_DMAtoIOP__FPvT0Ui	SND_DMAtoIOP(void *, void *, unsigned int)
01ed0e00	function	.text	sceSifDmaStat	sceSifDmaStat
01ef69b8	data	.data	g_IOP_Buffer	g_IOP_Buffer
01e91ed8	function	.text	SND_ResetSoundTimeStamps__FPUi	SND_ResetSoundTimeStamps(unsigned int *)
01ef6994	data	.data	g_VagWadBuffer	g_VagWadBuffer
01ef6998	data	.data	g_VagWadEntries	g_VagWadEntries
01ef699c	data	.data	g_VagWadEntryCount	g_VagWadEntryCount
01ef69a0	data	.data	g_VAGWADLOC	g_VAGWADLOC
01ef69a4	data	.data	g_music_volume	g_music_volume
01ef69a8	data	.data	g_vo_volume	g_vo_volume
01ef69b0	data	.data	g_soundOutputMode	g_soundOutputMode
01ef69bc	data	.data	g_SoundCtrl	g_SoundCtrl
01e90b18	function	.text	SND_Init__Fv	SND_Init(void)
01fd1988	data	.bss	gSounds	gSounds
01e90ec0	function	.text	SND_Shutdown__Fv	SND_Shutdown(void)
01e90fa8	function	.text	SND_UpdateStandard__Fv	SND_UpdateStandard(void)
01e91188	function	.text	SND_Update__FPC7MATRIX4T0	SND_Update(MATRIX4 const *, MATRIX4 const *)
01ef69c4	data	.data	g_SoundsPaused	g_SoundsPaused
01e91b98	function	.text	SND_IsPlaying__FPC14SND_Positional	SND_IsPlaying(SND_Positional const *)
01e91f38	function	.text	SND_FindVag__FPCc	SND_FindVag(char const *)
01fd2fc0	data	.bss	g_AtracInstances	g_AtracInstances
01e922d0	function	.text	SND_IsATRACPaused__FP13ATRACInstance	SND_IsATRACPaused(ATRACInstance *)
01e930b8	function	.text	_GLOBAL_$I$ENGINE_SndScream.cppEVcaaa	global constructors keyed to ENGINE_SndScream.cppEVcaaa
01ed3380	function	.text	sceSifSetDma	sceSifSetDma
01e94158	function	.text	VID_InitBink__Fv	VID_InitBink(void)
01e94248	function	.text	snd_StartSoundSystemEx	snd_StartSoundSystemEx
01e95938	function	.text	snd_PreAllocReverbWorkArea	snd_PreAllocReverbWorkArea
01e95690	function	.text	snd_InitVAGStreamingEx	snd_InitVAGStreamingEx
01ed7c10	function	.text	sceSifAllocIopHeap	sceSifAllocIopHeap
01e94ba8	function	.text	snd_SetPlaybackMode	snd_SetPlaybackMode
01e94b68	function	.text	snd_SetMasterVolume	snd_SetMasterVolume
01e94da0	function	.text	snd_PauseAllSoundsInGroup	snd_PauseAllSoundsInGroup
01e94d70	function	.text	snd_StopAllSounds	snd_StopAllSounds
01e94dd0	function	.text	snd_SoundIsStillPlaying_CB	snd_SoundIsStillPlaying_CB
01e94cd0	function	.text	snd_SetSFXGlobalReg	snd_SetSFXGlobalReg
01e94c18	function	.text	snd_PlaySoundVolPanPMPB_CB	snd_PlaySoundVolPanPMPB_CB
01e94c78	function	.text	snd_StopSound	snd_StopSound
01e94d10	function	.text	snd_PauseSound	snd_PauseSound
01e94d40	function	.text	snd_ContinueSound	snd_ContinueSound
01e949c0	function	.text	snd_BankLoadFromIOP_CB	snd_BankLoadFromIOP_CB
01e95a00	function	.text	snd_GetLastLoadError	snd_GetLastLoadError
01e94b08	function	.text	snd_ResolveBankXREFS	snd_ResolveBankXREFS
01e94890	function	.text	snd_BankLoadFromEE_CB	snd_BankLoadFromEE_CB
01e94e00	function	.text	snd_SetSoundVolPan	snd_SetSoundVolPan
01e95778	function	.text	snd_PlayVAGStreamByLocEx_CB	snd_PlayVAGStreamByLocEx_CB
01e94e70	function	.text	snd_SetSoundParams_A	snd_SetSoundParams_A
01e931d8	function	.text	VRAM_InitGraphics__Fv	VRAM_InitGraphics(void)
01e937d8	function	.text	dlib_init__Fv	dlib_init(void)
01e938b0	function	.text	dlib_displist_send_dma__FP13DLIB_DISPLISTi	dlib_displist_send_dma(DLIB_DISPLIST *, int)
01e93ad8	function	.text	dlib_displist_cnt_giftag_begin__FP13DLIB_DISPLISTG11DLIB_GIFTAG	dlib_displist_cnt_giftag_begin(DLIB_DISPLIST *, DLIB_GIFTAG)
01ef6a50	data	.data	registerGifTag	registerGifTag
01e93f30	function	.text	dlib_displist_cnt_unpack_begin__FP13DLIB_DISPLISTii	dlib_displist_cnt_unpack_begin(DLIB_DISPLIST *, int, int)
01e93f70	function	.text	dlib_displist_cnt_unpack_end__FP13DLIB_DISPLIST	dlib_displist_cnt_unpack_end(DLIB_DISPLIST *)
01e94028	function	.text	dlib_displist_data_unpack_begin__FP13DLIB_DISPLISTii	dlib_displist_data_unpack_begin(DLIB_DISPLIST *, int, int)
01e94070	function	.text	dlib_displist_data_unpack_end__FP13DLIB_DISPLIST	dlib_displist_data_unpack_end(DLIB_DISPLIST *)
01ef6a74	data	.data	bink_iop_addr	bink_iop_addr
01e94228	function	.text	_GLOBAL_$I$CORE_videoPlayer_App.cppBXcaaa	global constructors keyed to CORE_videoPlayer_App.cppBXcaaa
01eaf378	function	.text	RAD_IOPMemoryAmount	RAD_IOPMemoryAmount
01eae9a0	function	.text	RAD_IOPStartUp	RAD_IOPStartUp
01eaf540	function	.text	RAD_IOPHardwareVolumes	RAD_IOPHardwareVolumes
01ea70f8	function	.text	BinkSetSoundSystem	BinkSetSoundSystem
01eb25b8	function	.text	BinkOpenRAD_IOP	BinkOpenRAD_IOP
01ef6a78	data	.data	gCommBusy	gCommBusy
01ef6a7c	data	.data	gAwaitingInts	gAwaitingInts
01ef6a80	data	.data	gLocalLoadError	gLocalLoadError
01ef6a84	data	.data	gStreamingInited	gStreamingInited
01ef6a88	data	.data	gCdCallback	gCdCallback
01ef6a8c	data	.data	gSSRead	gSSRead
01ef6a90	data	.data	gSSReadDone	gSSReadDone
01ef6a94	data	.data	gLoadingFromFS	gLoadingFromFS
01ef6a98	data	.data	gSndCommandBuffePtr	gSndCommandBuffePtr
01feae80	data	.bss	gSndCommandBuffer1	gSndCommandBuffer1
01febe80	data	.bss	gSndCommandBuffer2	gSndCommandBuffer2
01ef6aa0	data	.data	gCommandBuffeBytesAvail	gCommandBuffeBytesAvail
01ef6aa8	data	.data	gSndCommandReturnDefPtr	gSndCommandReturnDefPtr
01fece80	data	.bss	gSndCommandReturnDef1	gSndCommandReturnDef1
01fede80	data	.bss	gSndCommandReturnDef2	gSndCommandReturnDef2
01ef6ab0	data	.data	gReturnValuesPtr	gReturnValuesPtr
01feee80	data	.bss	gActualReturnValues1	gActualReturnValues1
01fef2c0	data	.bss	gActualReturnValues2	gActualReturnValues2
01ef6ab8	data	.data	gCommandFillBuffer	gCommandFillBuffer
01ef6abc	data	.data	gCaching	gCaching
01ef6ac0	data	.data	gLoadBusy	gLoadBusy
01ef6ac8	data	.data	gLoadReturnDef	gLoadReturnDef
01ef6af0	data	.data	gPrefs_Silent	gPrefs_Silent
01fef700	data	.bss	gStats	gStats
01fef740	data	.bss	gLoadReturnValue	gLoadReturnValue
01e94f18	function	.text	snd_SendIOPCommandAndWait	snd_SendIOPCommandAndWait
01e94718	function	.text	snd_GotReturns	snd_GotReturns
01fef780	data	.bss	gSyncBuffer	gSyncBuffer
01e95540	function	.text	snd_SendCurrentBatch	snd_SendCurrentBatch
01e95850	function	.text	snd_StreamSafeCdSync	snd_StreamSafeCdSync
01e95170	function	.text	snd_SendIOPCommandNoWait	snd_SendIOPCommandNoWait
01e94810	function	.text	snd_PrepareReturnBuffer	snd_PrepareReturnBuffer
01fef7c0	data	.bss	gLoadParams	gLoadParams
01e94e90	function	.text	snd_SetSoundParams_CB	snd_SetSoundParams_CB
01fef800	data	.bss	gSyncSendBuffer	gSyncSendBuffer
01e95500	function	.text	snd_PostMessage	snd_PostMessage
01ed41d0	function	.text	sceSifBindRpc	sceSifBindRpc
01ed13d0	function	.text	InvalidDCache	InvalidDCache
01ed45b0	function	.text	sceSifCheckStatRpc	sceSifCheckStatRpc
01ed12a0	function	.text	SyncDCache	SyncDCache
01ed43b0	function	.text	sceSifCallRpc	sceSifCallRpc
01ec31f0	function	.text	sceCdRead	sceCdRead
01ec2868	function	.text	sceCdSync	sceCdSync
01ec3490	function	.text	sceCdGetError	sceCdGetError
01f00820	data	.data	simple_vu_code_microcode_end	simple_vu_code_microcode_end
01f00ef0	data	.data	skinnedmesh_vu_renderer_fast_end	skinnedmesh_vu_renderer_fast_end
01f01460	data	.data	skinnedmesh_vu_renderer_end	skinnedmesh_vu_renderer_end
01f01bc0	data	.data	skinnedmesh_vu_renderer_clip_end	skinnedmesh_vu_renderer_clip_end
01f01e90	data	.data	smesh_vu_renderer_end	smesh_vu_renderer_end
01f02310	data	.data	smesh_vu_renderer_nearclip_end	smesh_vu_renderer_nearclip_end
01f02f60	data	.data	smesh_vu_renderer_scissoring_end	smesh_vu_renderer_scissoring_end
01f034c0	data	.data	staticmesh_vu_renderer_fast_end	staticmesh_vu_renderer_fast_end
01f04280	data	.data	staticmesh_vu_renderer_scissoring_end	staticmesh_vu_renderer_scissoring_end
01f04f70	data	.data	staticmesh_vu_renderer_scissoring_shadow_end	staticmesh_vu_renderer_scissoring_shadow_end
01f05100	data	.data	throughmode_vu_code_microcode_end	throughmode_vu_code_microcode_end
01f05220	data	.data	PAR_throughmode_vu_code_microcode_end	PAR_throughmode_vu_code_microcode_end
01f05e70	data	.data	PAR_vu_renderer_scissoring_end	PAR_vu_renderer_scissoring_end
01f06210	data	.data	PAR_vu_renderer_fast_end	PAR_vu_renderer_fast_end
01f06760	data	.data	shrub_vu_renderer_end	shrub_vu_renderer_end
01f06cb0	data	.data	shrub_vu_renderer_fast_end	shrub_vu_renderer_fast_end
01f07120	data	.data	shrub_vu_renderer_shadow_end	shrub_vu_renderer_shadow_end
01f07700	data	.data	tie_vu_renderer_end	tie_vu_renderer_end
01f07bd0	data	.data	tie_vu_renderer_clip_end	tie_vu_renderer_clip_end
01f08100	data	.data	tie_vu_renderer_clip_normalize_end	tie_vu_renderer_clip_normalize_end
01f08fd0	data	.data	tie_vu_renderer_scissoring_end	tie_vu_renderer_scissoring_end
01f09f40	data	.data	tie_vu_renderer_scissoring_shadow_end	tie_vu_renderer_scissoring_shadow_end
01f0acd0	unmapped	None	DEFORM_vu_renderer_scissoring_end	DEFORM_vu_renderer_scissoring_end
01e62208	function	.text	_start	_start
01e62448	function	.text	_exit	_exit
01ed8b40	function	.text	_InitSys	_InitSys
01e96e20	function	.text	_init	_init
01e96e28	function	.text	_fini	_fini
01ec8108	function	.text	atexit	atexit
01ed8ed0	function	.text	Exit	Exit
01e95a58	function	.text	__do_global_dtors	__do_global_dtors
01e95ab0	function	.text	__do_global_ctors	__do_global_ctors
01f0060c	data	.data	__CTOR_LIST__	__CTOR_LIST__
01f006cc	data	.data	__DTOR_LIST__	__DTOR_LIST__
01ec6d90	function	.text	_cleanup	_cleanup
01e96930	function	.text	dptoul	dptoul
01e967e0	function	.text	litodp	litodp
01e95d98	function	.text	__pack_d	__pack_d
01e95ec8	function	.text	__unpack_d	__unpack_d
01e96678	function	.text	__fpcmp_parts_d	__fpcmp_parts_d
01e96898	function	.text	dptoli	dptoli
01e969d0	function	.text	__make_dp	__make_dp
01e96cc0	function	.text	__make_fp	__make_fp
01e96a58	function	.text	__pack_f	__pack_f
01e96b68	function	.text	__unpack_f	__unpack_f
01ef6afc	data	.data	_GLOBAL_$F$__builtin_delete.._.._src_gcc_cp_new2.cc1GeU73	_GLOBAL_$F$__builtin_delete.._.._src_gcc_cp_new2.cc1GeU73
01e979d8	function	.text	__throw	__throw
01e97e48	function	.text	__start_cp_handler	__start_cp_handler
01e980c0	function	.text	__check_eh_spec	__check_eh_spec
01e97fc8	function	.text	__cp_pop_exception	__cp_pop_exception
01e97da0	function	.text	terminate__Fv	terminate(void)
01ef6b44	data	.data	_GLOBAL_$F$__builtin_vec_new.._.._src_gcc_cp_new2.ccBLDubu	_GLOBAL_$F$__builtin_vec_new.._.._src_gcc_cp_new2.ccBLDubu
01e99530	function	.text	__builtin_new	__builtin_new
01e994b0	function	.text	__tf9bad_alloc	bad_alloc type_info function
01e96e30	function	.text	__default_terminate	__default_terminate
01ef6b8c	data	.data	__terminate_func	__terminate_func
01e96e40	function	.text	__terminate	__terminate
01e96e68	function	.text	__throw_type_match	__throw_type_match
01e96e98	function	.text	__empty	__empty
01e96ef8	function	.text	__get_eh_context	__get_eh_context
01e96f20	function	.text	__get_eh_info	__get_eh_info
01e96fd8	function	.text	__get_dynamic_handler_chain	__get_dynamic_handler_chain
01e97000	function	.text	__sjthrow	__sjthrow
01e97178	function	.text	__sjpopnthrow	__sjpopnthrow
01e97290	function	.text	__eh_rtime_match	__eh_rtime_match
01e972d8	function	.text	__get_eh_table_version	__get_eh_table_version
01e972e0	function	.text	__get_eh_table_language	__get_eh_table_language
01e976a0	function	.text	__unwinding_cleanup	__unwinding_cleanup
01e97bb8	function	.text	__rethrow	__rethrow
01ef6b94	data	.data	_GLOBAL_$F$__default_terminate	_GLOBAL_$F$__default_terminate
01e99130	function	.text	__frame_state_for	__frame_state_for
01e97db8	function	.text	__default_unexpected__Fv	__default_unexpected(void)
01e97dc8	function	.text	set_terminate__FPFv_v	set_terminate(void (*)(void))
01e97dd8	function	.text	set_unexpected__FPFv_v	set_unexpected(void (*)(void))
01e97de8	function	.text	unexpected__Fv	unexpected(void)
01e97e00	function	.text	__cp_exception_info	__cp_exception_info
01e97e28	function	.text	__cp_eh_info	__cp_eh_info
01e97e80	function	.text	__eh_alloc	__eh_alloc
01e97ea8	function	.text	__eh_free	__eh_free
01e97ec8	function	.text	__cplus_type_matcher	__cplus_type_matcher
01e97f38	function	.text	__cp_push_exception	__cp_push_exception
01e98090	function	.text	__uncatch_exception	__uncatch_exception
01e98420	function	.text	__tf13bad_exception	bad_exception type_info function
01f207f0	data	.rodata	_vt$13bad_exception	bad_exception virtual table
01f20808	data	.rodata	_vt$9exception	exception virtual table
01e983d8	function	.text	_$_13bad_exception	bad_exception::~bad_exception(void)
01e98278	function	.text	__throw_bad_cast	__throw_bad_cast
01e982f8	function	.text	__throw_bad_typeid	__throw_bad_typeid
01e98378	function	.text	uncaught_exception__Fv	uncaught_exception(void)
01e983b0	function	.text	what__C9exception	exception::what(void) const
01e984b8	function	.text	__tf9exception	exception type_info function
01e98470	function	.text	_$_9exception	exception::~exception(void)
01e98408	function	.text	__13bad_exception	bad_exception::bad_exception(void)
01fefa00	data	.bss	__ti13bad_exception	bad_exception type_info node
01fefa10	data	.bss	__ti9exception	exception type_info node
01e984a0	function	.text	__9exception	exception::exception(void)
01ef7188	data	.data	_GLOBAL_$F$terminate__Fv	_GLOBAL_$F$terminate(void)
01e99d50	function	.text	__throw_type_match_rtti	__throw_type_match_rtti
01e9a218	function	.text	__is_pointer__FPv	__is_pointer(void *)
01f209d0	data	.rodata	_vt$8bad_cast	bad_cast virtual table
01e99c10	function	.text	_$_8bad_cast	bad_cast::~bad_cast(void)
01f209b8	data	.rodata	_vt$10bad_typeid	bad_typeid virtual table
01e99b78	function	.text	_$_10bad_typeid	bad_typeid::~bad_typeid(void)
01e996f0	function	.text	__rtti_si	__rtti_si
01e99710	function	.text	__rtti_user	__rtti_user
01e99090	function	.text	__register_frame_info_table	__register_frame_info_table
01e990b8	function	.text	__deregister_frame_info	__deregister_frame_info
01f20920	data	.rodata	nothrow	nothrow
01e99480	function	.text	set_new_handler__FPFv_v	set_new_handler(void (*)(void))
01ef7518	data	.data	__new_handler	__new_handler
01f20928	data	.rodata	_vt$9bad_alloc	bad_alloc virtual table
01e99500	function	.text	_$_9bad_alloc	bad_alloc::~bad_alloc(void)
01e994a0	function	.text	what__C9bad_alloc	bad_alloc::what(void) const
01e99490	function	.text	__vn__FUiPv	operator new [](unsigned int, void *)
01e99498	function	.text	__nw__FUiPv	operator new(unsigned int, void *)
01fefa18	data	.bss	__ti9bad_alloc	bad_alloc type_info node
01ef751c	data	.data	_GLOBAL_$F$nothrow	_GLOBAL_$F$nothrow
01ef75bc	data	.data	_GLOBAL_$F$__builtin_new.._.._src_gcc_cp_new1.ccKINnb5	_GLOBAL_$F$__builtin_new.._.._src_gcc_cp_new1.ccKINnb5
01e99658	function	.text	_$_9type_info	type_info::~type_info(void)
01f209e8	data	.rodata	_vt$9type_info	type_info virtual table
01e99688	function	.text	__eq__C9type_infoRC9type_info	type_info::operator==(type_info const &) const
01e996c8	function	.text	__rtti_class	__rtti_class
01f20970	data	.rodata	_vt$17__class_type_info	__class_type_info virtual table
01f20988	data	.rodata	_vt$14__si_type_info	__si_type_info virtual table
01f209a0	data	.rodata	_vt$16__user_type_info	__user_type_info virtual table
01e99730	function	.text	dcast__C16__user_type_infoRC9type_infoiPvPC9type_infoT3	__user_type_info::dcast(type_info const &, int, void *, type_info const *, void *) const
01e99760	function	.text	dcast__C14__si_type_infoRC9type_infoiPvPC9type_infoT3	__si_type_info::dcast(type_info const &, int, void *, type_info const *, void *) const
01e997f8	function	.text	dcast__C17__class_type_infoRC9type_infoiPvPC9type_infoT3	__class_type_info::dcast(type_info const &, int, void *, type_info const *, void *) const
01e999f0	function	.text	__tf17__class_type_info	__class_type_info type_info function
01e99a40	function	.text	_$_17__class_type_info	__class_type_info::~__class_type_info(void)
01e99a80	function	.text	__tf14__si_type_info	__si_type_info type_info function
01e99ad0	function	.text	_$_14__si_type_info	__si_type_info::~__si_type_info(void)
01e99b08	function	.text	__tf16__user_type_info	__user_type_info type_info function
01e99b58	function	.text	_$_16__user_type_info	__user_type_info::~__user_type_info(void)
01e99bc0	function	.text	__tf10bad_typeid	bad_typeid type_info function
01e99c58	function	.text	__tf8bad_cast	bad_cast type_info function
01e99ce8	function	.text	__tf9type_info	type_info type_info function
01e999d0	function	.text	__17__class_type_infoPCcPCQ217__class_type_info9base_infoUi	__class_type_info::__class_type_info(char const *, __class_type_info::base_info const *, unsigned int)
01fefa28	data	.bss	__ti17__class_type_info	__class_type_info type_info node
01fefa38	data	.bss	__ti16__user_type_info	__user_type_info type_info node
01e99a60	function	.text	__14__si_type_infoPCcRC16__user_type_info	__si_type_info::__si_type_info(char const *, __user_type_info const &)
01fefa48	data	.bss	__ti14__si_type_info	__si_type_info type_info node
01e99af0	function	.text	__16__user_type_infoPCc	__user_type_info::__user_type_info(char const *)
01fefa58	data	.bss	__ti9type_info	type_info type_info node
01e99ba8	function	.text	__10bad_typeid	bad_typeid::bad_typeid(void)
01fefa60	data	.bss	__ti10bad_typeid	bad_typeid type_info node
01e99c40	function	.text	__8bad_cast	bad_cast::bad_cast(void)
01fefa70	data	.bss	__ti8bad_cast	bad_cast type_info node
01e99ca8	function	.text	__ne__C9type_infoRC9type_info	type_info::operator!=(type_info const &) const
01e99cc8	function	.text	name__C9type_info	type_info::name(void) const
01e99cd0	function	.text	__9type_infoPCc	type_info::type_info(char const *)
01ef7610	data	.data	_GLOBAL_$F$_$_9type_info	_GLOBAL_$F$_$_9type_info
01e99d28	function	.text	before__C9type_infoRC9type_info	type_info::before(type_info const &) const
01e9a330	function	.text	__dynamic_cast	__dynamic_cast
01e9aa38	function	.text	__tf19__pointer_type_info	__pointer_type_info type_info function
01e9a9c8	function	.text	__tf16__attr_type_info	__attr_type_info type_info function
01e9a3e0	function	.text	__tfv	void type_info function
01e9a8e8	function	.text	__tf16__func_type_info	__func_type_info type_info function
01e9a268	function	.text	__rtti_ptr	__rtti_ptr
01f20b68	data	.rodata	_vt$19__pointer_type_info	__pointer_type_info virtual table
01e9a288	function	.text	__rtti_attr	__rtti_attr
01f20b58	data	.rodata	_vt$16__attr_type_info	__attr_type_info virtual table
01e9a2b0	function	.text	__rtti_func	__rtti_func
01f20b38	data	.rodata	_vt$16__func_type_info	__func_type_info virtual table
01e9a2d0	function	.text	__rtti_ptmf	__rtti_ptmf
01f20b28	data	.rodata	_vt$16__ptmf_type_info	__ptmf_type_info virtual table
01e9a2f0	function	.text	__rtti_ptmd	__rtti_ptmd
01f20b18	data	.rodata	_vt$16__ptmd_type_info	__ptmd_type_info virtual table
01e9a310	function	.text	__rtti_array	__rtti_array
01f20b08	data	.rodata	_vt$17__array_type_info	__array_type_info virtual table
01ef7998	data	.data	__tiv	void type_info node
01f20b48	data	.rodata	_vt$19__builtin_type_info	__builtin_type_info virtual table
01e9a418	function	.text	__tfx	long long type_info function
01ef79a0	data	.data	__tix	long long type_info node
01e9a450	function	.text	__tfl	long type_info function
01ef79a8	data	.data	__til	long type_info node
01e9a488	function	.text	__tfi	int type_info function
01ef79b0	data	.data	__tii	int type_info node
01e9a4c0	function	.text	__tfs	short type_info function
01ef79b8	data	.data	__tis	short type_info node
01e9a4f8	function	.text	__tfb	bool type_info function
01ef79c0	data	.data	__tib	bool type_info node
01e9a530	function	.text	__tfc	char type_info function
01ef79c8	data	.data	__tic	char type_info node
01e9a568	function	.text	__tfw	wchar_t type_info function
01ef79d0	data	.data	__tiw	wchar_t type_info node
01e9a5a0	function	.text	__tfr	long double type_info function
01ef79d8	data	.data	__tir	long double type_info node
01e9a5d8	function	.text	__tfd	double type_info function
01ef79e0	data	.data	__tid	double type_info node
01e9a610	function	.text	__tff	float type_info function
01ef79e8	data	.data	__tif	float type_info node
01e9a648	function	.text	__tfUi	unsigned int type_info function
01ef79f0	data	.data	__tiUi	unsigned int type_info node
01e9a680	function	.text	__tfUl	unsigned long type_info function
01ef79f8	data	.data	__tiUl	unsigned long type_info node
01e9a6b8	function	.text	__tfUx	unsigned long long type_info function
01ef7a00	data	.data	__tiUx	unsigned long long type_info node
01e9a6f0	function	.text	__tfUs	unsigned short type_info function
01ef7a08	data	.data	__tiUs	unsigned short type_info node
01e9a728	function	.text	__tfUc	unsigned char type_info function
01ef7a10	data	.data	__tiUc	unsigned char type_info node
01e9a760	function	.text	__tfSc	signed char type_info function
01ef7a18	data	.data	__tiSc	signed char type_info node
01e9a798	function	.text	__tf17__array_type_info	__array_type_info type_info function
01e9a7e8	function	.text	_$_17__array_type_info	__array_type_info::~__array_type_info(void)
01e9a808	function	.text	__tf16__ptmd_type_info	__ptmd_type_info type_info function
01e9a858	function	.text	_$_16__ptmd_type_info	__ptmd_type_info::~__ptmd_type_info(void)
01e9a878	function	.text	__tf16__ptmf_type_info	__ptmf_type_info type_info function
01e9a8c8	function	.text	_$_16__ptmf_type_info	__ptmf_type_info::~__ptmf_type_info(void)
01e9a938	function	.text	_$_16__func_type_info	__func_type_info::~__func_type_info(void)
01e9a958	function	.text	__tf19__builtin_type_info	__builtin_type_info type_info function
01e9a9a8	function	.text	_$_19__builtin_type_info	__builtin_type_info::~__builtin_type_info(void)
01e9aa18	function	.text	_$_16__attr_type_info	__attr_type_info::~__attr_type_info(void)
01e9aa88	function	.text	_$_19__pointer_type_info	__pointer_type_info::~__pointer_type_info(void)
01fefa80	data	.bss	__ti17__array_type_info	__array_type_info type_info node
01fefa90	data	.bss	__ti16__ptmd_type_info	__ptmd_type_info type_info node
01fefaa0	data	.bss	__ti16__ptmf_type_info	__ptmf_type_info type_info node
01fefab0	data	.bss	__ti16__func_type_info	__func_type_info type_info node
01fefac0	data	.bss	__ti19__builtin_type_info	__builtin_type_info type_info node
01fefad0	data	.bss	__ti16__attr_type_info	__attr_type_info type_info node
01fefae0	data	.bss	__ti19__pointer_type_info	__pointer_type_info type_info node
01ef7a20	data	.data	_GLOBAL_$F$before__C9type_infoRC9type_info	type_info::_GLOBAL_$F$before(type_info const &) const
01ef7e98	data	.data	SN_LOADED_RELMODS	SN_LOADED_RELMODS
01efaea0	data	.data	notify	notify
01e9bca8	function	.text	snDllCacheFlush	snDllCacheFlush
01e9bce8	function	.text	snAllBreaksOut	snAllBreaksOut
01e9bcf8	function	.text	snAllBreaksIn	snAllBreaksIn
01e9bcd8	function	.text	snNotifyDebugger	snNotifyDebugger
01e9beb0	function	.text	sceGsGetGParam	sceGsGetGParam
01ed0da0	function	.text	GsPutIMR	GsPutIMR
01ed1468	function	.text	DisableIntc	DisableIntc
01ed0760	function	.text	RemoveIntcHandler	RemoveIntcHandler
01ed0660	function	.text	SetGsCrt	SetGsCrt
01ed3160	function	.text	scePrintf	scePrintf
01e9c388	function	.text	sceGsSetDefDispEnv	sceGsSetDefDispEnv
01e9c7c8	function	.text	sceGsSetDefDrawEnv	sceGsSetDefDrawEnv
01e9c9b0	function	.text	sceGsSetDefClear	sceGsSetDefClear
01e9c700	function	.text	sceGszbufaddr	sceGszbufaddr
01ed0ef0	function	.text	VSync	VSync
01ed0f80	function	.text	VSync2	VSync2
01e9cf00	function	.text	sceDmaPause	sceDmaPause
01efaf00	data	.data	dch	dch
01e9cc98	function	.text	sceDmaPutEnv	sceDmaPutEnv
01ed88d0	function	.text	DIntr	DIntr
01ed8920	function	.text	EIntr	EIntr
01ea1b58	function	.text	__kernel_sin	__kernel_sin
01e9e4e8	function	.text	__ieee754_rem_pio2	__ieee754_rem_pio2
01ea0da0	function	.text	__kernel_cos	__kernel_cos
01ea1d30	function	.text	__kernel_cosf	__kernel_cosf
01ea0888	function	.text	__ieee754_rem_pio2f	__ieee754_rem_pio2f
01ea27d8	function	.text	__kernel_sinf	__kernel_sinf
01ea28e0	function	.text	__kernel_tanf	__kernel_tanf
01e9ea08	function	.text	__ieee754_sqrt	__ieee754_sqrt
01f21738	data	.rodata	__fdlib_version	__fdlib_version
01ea2bb0	function	.text	isnan	isnan
01ea2be8	function	.text	matherr	matherr
01ec5e98	function	.text	__errno	__errno
01e9ed10	function	.text	__ieee754_acosf	__ieee754_acosf
01ea32b8	function	.text	isnanf	isnanf
01ea3270	function	.text	fabsf	fabsf
01e9f140	function	.text	__ieee754_asinf	__ieee754_asinf
01e9f4e0	function	.text	__ieee754_atan2f	__ieee754_atan2f
01e9f7c8	function	.text	__ieee754_expf	__ieee754_expf
01ea3290	function	.text	finitef	finitef
01f21730	data	.rodata	__infinity	__infinity
01e9fa80	function	.text	__ieee754_fmodf	__ieee754_fmodf
01e9fcd0	function	.text	__ieee754_logf	__ieee754_logf
01e9fff8	function	.text	__ieee754_powf	__ieee754_powf
01ea2c10	function	.text	rint	rint
01ea0c68	function	.text	__ieee754_sqrtf	__ieee754_sqrtf
01ea2b78	function	.text	fabs	fabs
01ea0ff0	function	.text	__kernel_rem_pio2	__kernel_rem_pio2
01ea2fc8	function	.text	atanf	atanf
01ea32e0	function	.text	scalbnf	scalbnf
01ea1e88	function	.text	__kernel_rem_pio2f	__kernel_rem_pio2f
01ea2e10	function	.text	scalbn	scalbn
01ea3440	function	.text	copysign	copysign
01ea3488	function	.text	copysignf	copysignf
01ea41b0	function	.text	scePadSetDmaCallback	scePadSetDmaCallback
01ed3710	function	.text	sceSifAddCmdHandler	sceSifAddCmdHandler
01ed3788	function	.text	sceSifRemoveCmdHandler	sceSifRemoveCmdHandler
01ea6de8	function	.text	BinkSetSoundOnOff	BinkSetSoundOnOff
01ea6c58	function	.text	BinkPause	BinkPause
01eab3d8	function	.text	RADCB_try_to_suspend_callback	RADCB_try_to_suspend_callback
01eaf6f0	function	.text	radmemcpy	radmemcpy
01eab3f0	function	.text	RADCB_resume_callback	RADCB_resume_callback
01eb14a8	function	.text	BinkFileOpen	BinkFileOpen
01eaff38	function	.text	radmemset	radmemset
01eaf658	function	.text	RADTimerRead	RADTimerRead
01eab088	function	.text	pushmalloc	pushmalloc
01ea95c0	function	.text	ExpandBundleSizes	ExpandBundleSizes
01eab288	function	.text	popmalloctotal	popmalloctotal
01eab1d8	function	.text	popmalloc	popmalloc
01eb0900	function	.text	mult64anddiv	mult64anddiv
01eab368	function	.text	radfree	radfree
01eb3210	function	.text	BinkAudioDecompressOpen	BinkAudioDecompressOpen
01eab3b8	function	.text	RADCB_allocate_handler	RADCB_allocate_handler
01eab3d0	function	.text	RADCB_resume_handler	RADCB_resume_handler
01eab3c0	function	.text	RADCB_register_callback	RADCB_register_callback
01eac900	function	.text	YUV_init	YUV_init
01eb0a30	function	.text	mult64andshift	mult64andshift
01eab3f8	function	.text	RADCB_idle_on_callbacks	RADCB_idle_on_callbacks
01eadd80	function	.text	YUV_blit_32abpp	YUV_blit_32abpp
01eadc48	function	.text	YUV_blit_32bpp	YUV_blit_32bpp
01eadd48	function	.text	YUV_blit_16a1bpp	YUV_blit_16a1bpp
01eadc80	function	.text	YUV_blit_16bpp	YUV_blit_16bpp
01eade00	function	.text	YUV_blit_32abpp_mask	YUV_blit_32abpp_mask
01eadcb8	function	.text	YUV_blit_32bpp_mask	YUV_blit_32bpp_mask
01eaddb8	function	.text	YUV_blit_16a1bpp_mask	YUV_blit_16a1bpp_mask
01eadd00	function	.text	YUV_blit_16bpp_mask	YUV_blit_16bpp_mask
01eab3e0	function	.text	RADCB_suspend_callback	RADCB_suspend_callback
01eb3500	function	.text	BinkAudioDecompress	BinkAudioDecompress
01eaae38	function	.text	ExpandBink	ExpandBink
01eab3e8	function	.text	RADCB_suspend_2_callbacks	RADCB_suspend_2_callbacks
01eab3c8	function	.text	RADCB_unregister_2_callbacks	RADCB_unregister_2_callbacks
01eb3640	function	.text	BinkAudioDecompressClose	BinkAudioDecompressClose
01eadbd8	function	.text	FreeYUVGlobalMemory	FreeYUVGlobalMemory
01eab298	function	.text	RADSetMemory	RADSetMemory
01eb0168	function	.text	radmemset16	radmemset16
01f23b40	data	.rodata	patterns	patterns
01eb3660	function	.text	ReadBPLossless	ReadBPLossless
01eb5840	function	.text	FastIDCT8x8d	FastIDCT8x8d
01eb4778	function	.text	ReadBPLossyWithMotion	ReadBPLossyWithMotion
01eb5818	function	.text	FastIDCT8x8	FastIDCT8x8
01eb53e0	function	.text	FastmIDCT8x8WithMotion	FastmIDCT8x8WithMotion
01eab2b0	function	.text	radmalloc	radmalloc
01efb040	data	.data	ytable	ytable
01efb044	data	.data	clamp_r	clamp_r
01efb048	data	.data	clamp_g	clamp_g
01efb04c	data	.data	clamp_b	clamp_b
01efb050	data	.data	clamp_ytable	clamp_ytable
01efb054	data	.data	clamptable	clamptable
01efb060	data	.data	S	S
01efb0a0	data	.data	YUVTables	YUVTables
01efc0a0	data	.data	RGBshift	RGBshift
01eb18a0	function	.text	YUV_32_4x2_even	YUV_32_4x2_even
01eade50	function	.text	YUV_32_4x2_odd	YUV_32_4x2_odd
01eb1c10	function	.text	YUV_32a_4x2_even	YUV_32a_4x2_even
01eade68	function	.text	YUV_32a_4x2_odd	YUV_32a_4x2_odd
01eb2040	function	.text	YUV_16_4x2_even	YUV_16_4x2_even
01eade48	function	.text	YUV_16_4x2_odd	YUV_16_4x2_odd
01eade58	function	.text	YUV_16a1_4x2_even	YUV_16a1_4x2_even
01eade60	function	.text	YUV_16a1_4x2_odd	YUV_16a1_4x2_odd
01f21e60	data	.rodata	pmemb16	pmemb16
01f21e68	data	.rodata	pmemwYscale	pmemwYscale
01f21e70	data	.rodata	pmemw7F00	pmemw7F00
01f21e78	data	.rodata	pmemwYScale	pmemwYScale
01f21e80	data	.rodata	pmemw0080	pmemw0080
01f21ec0	data	.rodata	IOPSideData	IOPSideData
01eaf1e0	function	.text	RAD_IOPUnregisterSoundCallback	RAD_IOPUnregisterSoundCallback
01eaed70	function	.text	RAD_IOPCancelFileAsyncs	RAD_IOPCancelFileAsyncs
01eaeef0	function	.text	RAD_IOPCloseFile	RAD_IOPCloseFile
01eaf020	function	.text	RAD_IOPRegisterSoundCallback	RAD_IOPRegisterSoundCallback
01eaf3a8	function	.text	RAD_IOPGetIOStatus	RAD_IOPGetIOStatus
01eaf3b8	function	.text	RAD_IOPQueueAsyncOpenFile	RAD_IOPQueueAsyncOpenFile
01eaf448	function	.text	RAD_IOPQueueAsyncReadAtTop	RAD_IOPQueueAsyncReadAtTop
01eaf4f8	function	.text	RAD_IOPStartSound	RAD_IOPStartSound
01ed3950	function	.text	isceSifSendCmd	isceSifSendCmd
01ed3910	function	.text	sceSifSendCmd	sceSifSendCmd
01ed3408	function	.text	isceSifSetDma	isceSifSetDma
01ed3440	function	.text	sceSifInitCmd	sceSifInitCmd
01ed36f8	function	.text	sceSifSetCmdBuffer	sceSifSetCmdBuffer
01ed8368	function	.text	sceSifLoadModuleBuffer	sceSifLoadModuleBuffer
01ed8030	function	.text	sceSifStopModule	sceSifStopModule
01ed8238	function	.text	sceSifUnloadModule	sceSifUnloadModule
01eb03a0	function	.text	radcos_no_clamp	radcos_no_clamp
01eb0798	function	.text	radsin	radsin
01eb0a60	function	.text	radfsqrt	radfsqrt
01eb0a88	function	.text	radcos	radcos
01eb25d0	function	.text	copytoflat256format	copytoflat256format
01eb2660	function	.text	mixtoflat256format	mixtoflat256format
01eba288	function	.text	simp_mix	simp_mix
01ebaad0	function	.text	init_mix_info	init_mix_info
01ebabd8	function	.text	set_mix_volume	set_mix_volume
01eb5868	function	.text	ddct	ddct
01eb9398	function	.text	rdft	rdft
01efc6b0	data	.data	sOpControls	sOpControls
01ebbc20	function	.text	ps2fioDclose	ps2fioDclose
01ebbbc0	function	.text	ps2fioDread	ps2fioDread
01fd41f0	data	.bss	sCopyStatus	sCopyStatus
01ebbf10	function	.text	ps2fioMkdir	ps2fioMkdir
01ebb7d8	function	.text	ps2fioRegisterDevice	ps2fioRegisterDevice
01ebb880	function	.text	ps2fioShutdownDevice	ps2fioShutdownDevice
01ebba40	function	.text	ps2fioWrite	ps2fioWrite
01ebbb20	function	.text	ps2fioDopen	ps2fioDopen
01ebbd00	function	.text	ps2fioChStat	ps2fioChStat
01ebbd70	function	.text	ps2fioRename	ps2fioRename
01ebbdd0	function	.text	ps2fioRemoveDir	ps2fioRemoveDir
01ebbec0	function	.text	ps2fioRemoveFile	ps2fioRemoveFile
01ebbf70	function	.text	ps2fioFormatDevice	ps2fioFormatDevice
01ebbfc0	function	.text	ps2fioUnformatDevice	ps2fioUnformatDevice
01ebc010	function	.text	ps2fioFlush	ps2fioFlush
01ebc078	function	.text	ps2fioSync	ps2fioSync
01ebc0c8	function	.text	ps2fioCreatePartition	ps2fioCreatePartition
01ebc158	function	.text	ps2fioAddSpaceToPartition	ps2fioAddSpaceToPartition
01ebc1d8	function	.text	ps2fioRemovePartition	ps2fioRemovePartition
01ebc238	function	.text	ps2fioFormatPartition	ps2fioFormatPartition
01ebc2b8	function	.text	ps2fioMountPartition	ps2fioMountPartition
01ebc348	function	.text	ps2fioUmountPartition	ps2fioUmountPartition
01ebc398	function	.text	ps2fioGetFreeSpaceInMount	ps2fioGetFreeSpaceInMount
01ebc408	function	.text	ps2fioOpenPartition	ps2fioOpenPartition
01ebc4d8	function	.text	ps2fioClosePartition	ps2fioClosePartition
01ebc558	function	.text	ps2fioReadPartition	ps2fioReadPartition
01ebc5b8	function	.text	ps2fioWritePartition	ps2fioWritePartition
01ebc618	function	.text	ps2fioLseekPartition	ps2fioLseekPartition
01ebc668	function	.text	ps2fioCopyDir	ps2fioCopyDir
01ebc860	function	.text	ps2fioCopyFile	ps2fioCopyFile
01ebc9e0	function	.text	ps2fioReadFileToBuffer	ps2fioReadFileToBuffer
01ebca78	function	.text	ps2fioWriteFileFromBuffer	ps2fioWriteFileFromBuffer
01ebcb08	function	.text	ps2fioVerifyDir	ps2fioVerifyDir
01ebcbe0	function	.text	ps2fioFileCompare	ps2fioFileCompare
01ebcdf0	function	.text	ps2fioGetDeviceStatus	ps2fioGetDeviceStatus
01ebceb0	function	.text	ps2fioFreeFilesystem	ps2fioFreeFilesystem
01ebcef8	function	.text	ps2fioLoadModule	ps2fioLoadModule
01ebcf68	function	.text	ps2fioLoadStartModule	ps2fioLoadStartModule
01ebd038	function	.text	ps2fioLoadExec	ps2fioLoadExec
01ed0980	function	.text	SleepThread	SleepThread
01ebf760	function	.text	cdvddrvRegisterDevice	cdvddrvRegisterDevice
01ec0e08	function	.text	hostdrvRegisterDevice	hostdrvRegisterDevice
01ec0a90	function	.text	mcdrvRegisterDevices	mcdrvRegisterDevices
01ebe828	function	.text	hdddrvRegisterDevice	hdddrvRegisterDevice
01ed0990	function	.text	WakeupThread	WakeupThread
01ed0ab0	function	.text	PollSema	PollSema
01ebd9e8	function	.text	_hdddrvPowerOffThread	_hdddrvPowerOffThread
01ed0a90	function	.text	iSignalSema	iSignalSema
01ed5190	function	.text	scePowerOffHandler	scePowerOffHandler
01ed78e0	function	.text	sceDevctl	sceDevctl
01ec3528	function	.text	sceCdPowerOff	sceCdPowerOff
01ed82c8	function	.text	sceSifSearchModuleByName	sceSifSearchModuleByName
01ec1308	function	.text	hddsvcGetFreeSpace	hddsvcGetFreeSpace
01ed76a0	function	.text	sceLseek64	sceLseek64
01ed6620	function	.text	sceFormat	sceFormat
01ec1338	function	.text	hddsvcCreatePartition	hddsvcCreatePartition
01ec1568	function	.text	hddsvcAddSpaceToPartition	hddsvcAddSpaceToPartition
01ed6428	function	.text	sceRemove	sceRemove
01ed7400	function	.text	sceMount	sceMount
01ed7680	function	.text	sceUmount	sceUmount
01ed6c38	function	.text	sceGetstat	sceGetstat
01ed6df0	function	.text	sceChstat	sceChstat
01ed7250	function	.text	sceSync	sceSync
01ed6448	function	.text	sceMkdir	sceMkdir
01ed5dd0	function	.text	sceWrite	sceWrite
01ed7040	function	.text	sceRename	sceRename
01ed6600	function	.text	sceRmdir	sceRmdir
01ec2ad0	function	.text	sceCdInit	sceCdInit
01ec3468	function	.text	sceCdGetDiskType	sceCdGetDiskType
01ec35e0	function	.text	sceCdMmode	sceCdMmode
01ec2058	function	.text	cdvdfsGetEntryFromPath	cdvdfsGetEntryFromPath
01ec2278	function	.text	cdvdfsGetEntryFromIndex	cdvdfsGetEntryFromIndex
01ec2fd0	function	.text	sceCdDiskReady	sceCdDiskReady
01ec3778	function	.text	sceCdTrayReq	sceCdTrayReq
01ec1e28	function	.text	cdvdfsBuildFS	cdvdfsBuildFS
01ec2008	function	.text	cdvdfsFreeFS	cdvdfsFreeFS
01ed85d8	function	.text	sceSifLoadStartModule	sceSifLoadStartModule
01ed87c0	function	.text	sceSifRebootIop	sceSifRebootIop
01ed8e88	function	.text	LoadExecPS2	LoadExecPS2
01fdb780	data	.bss	sMcdrvDevDesc	sMcdrvDevDesc
01ec3b00	function	.text	sceMcEnd	sceMcEnd
01ec3bc8	function	.text	sceMcGetSlotMax	sceMcGetSlotMax
01ec4978	function	.text	sceMcRename	sceMcRename
01ec48b0	function	.text	sceMcFlush	sceMcFlush
01ed6090	function	.text	sceIoctl2	sceIoctl2
01efc710	data	.data	SCE_CD_debug	SCE_CD_debug
01efc728	data	.data	_sceCd_ncmd_semid	_sceCd_ncmd_semid
01efc72c	data	.data	_sceCd_scmd_semid	_sceCd_scmd_semid
01efc730	data	.data	_sceCd_rcmd_semid	_sceCd_rcmd_semid
01efc734	data	.data	_sceCd_c_cb_sem	_sceCd_c_cb_sem
01efc738	data	.data	_sceCd_ee_read_mode	_sceCd_ee_read_mode
01efc740	data	.data	_sceCd_old_module	_sceCd_old_module
01efc744	data	.data	_sceCd_CdInit_ON	_sceCd_CdInit_ON
01ec22b0	function	.text	_sceCd_cd_callback	_sceCd_cd_callback
01efc760	data	.data	sceCdCbfunc_num	sceCdCbfunc_num
01efc764	data	.data	sceCdCbfunc_number	sceCdCbfunc_number
01ec2358	function	.text	_sceCd_cd_read_intr	_sceCd_cd_read_intr
01ec2678	function	.text	_sceCd_ncmd_prechk	_sceCd_ncmd_prechk
01efd8d0	data	.data	_sceCd_cd_ncmd	_sceCd_cd_ncmd
01ec27d0	function	.text	sceCdNcmdDiskReady	sceCdNcmdDiskReady
01efc780	data	.data	_sceCd_ncmdrdata	_sceCd_ncmdrdata
01ec2908	function	.text	sceCdSyncS	sceCdSyncS
01efe280	data	.data	_sceCd_cd_scmd	_sceCd_cd_scmd
01ec2978	function	.text	_sceCd_scmd_prechk	_sceCd_scmd_prechk
01efc800	data	.data	_sceCd_ncmdsdata	_sceCd_ncmdsdata
01efd900	data	.data	_sceCd_scmdrdata	_sceCd_scmdrdata
01efdd40	data	.data	_sceCd_scmdsdata	_sceCd_scmdsdata
01ec2db8	function	.text	sceCdDiskReady_old	sceCdDiskReady_old
01efe180	data	.data	_sceCd_rcmdrdata	_sceCd_rcmdrdata
01efd800	data	.data	_sceCd_rd_intr_data	_sceCd_rd_intr_data
01efd8c0	data	.data	_sceCd_Read_cur_pos	_sceCd_Read_cur_pos
01ed3ad8	function	.text	sceSifWriteBackDCache	sceSifWriteBackDCache
01ec33d0	function	.text	sceCdGetDiskType2	sceCdGetDiskType2
01ed4758	function	.text	sceSifRemoveRpc	sceSifRemoveRpc
01ed47f0	function	.text	sceSifRemoveRpcQueue	sceSifRemoveRpcQueue
01ed45f0	function	.text	sceSifSetRpcQueue	sceSifSetRpcQueue
01ed4688	function	.text	sceSifRegisterRpc	sceSifRegisterRpc
01ed4aa0	function	.text	sceSifRpcLoop	sceSifRpcLoop
01efe3f0	data	.data	_sce_sdr_transIntr0Hdr	_sce_sdr_transIntr0Hdr
01efe3fc	data	.data	_sce_sdr_transIntr0Arg	_sce_sdr_transIntr0Arg
01efe408	data	.data	_sce_sdr_transIntr0Gp	_sce_sdr_transIntr0Gp
01efe3f4	data	.data	_sce_sdr_transIntr1Hdr	_sce_sdr_transIntr1Hdr
01efe400	data	.data	_sce_sdr_transIntr1Arg	_sce_sdr_transIntr1Arg
01efe40c	data	.data	_sce_sdr_transIntr1Gp	_sce_sdr_transIntr1Gp
01efe3f8	data	.data	_sce_sdr_spu2IntrHdr	_sce_sdr_spu2IntrHdr
01efe404	data	.data	_sce_sdr_spu2IntrArg	_sce_sdr_spu2IntrArg
01efe410	data	.data	_sce_sdr_spu2IntrGp	_sce_sdr_spu2IntrGp
01ec5a28	function	.text	sceScfGetTimeZone	sceScfGetTimeZone
01ec5a80	function	.text	sceScfGetSummerTime	sceScfGetSummerTime
01ed0b10	function	.text	GetOsdConfigParam	GetOsdConfigParam
01ed0d70	function	.text	GetOsdConfigParam2	GetOsdConfigParam2
01efe72c	data	.data	_impure_ptr	_impure_ptr
01ec6d70	function	.text	_cleanup_r	_cleanup_r
01ec72e0	function	.text	__sread	__sread
01ec7348	function	.text	__swrite	__swrite
01ec73c8	function	.text	__sseek	__sseek
01ec7430	function	.text	__sclose	__sclose
01ec6dc0	function	.text	_fwalk	_fwalk
01ecf078	function	.text	fflush	fflush
01ecf1f0	function	.text	__sinit	__sinit
01ec6e58	function	.text	__smakebuf	__smakebuf
01ecee98	function	.text	_fstat_r	_fstat_r
01ec6fb0	function	.text	__srefill	__srefill
01ecac58	function	.text	_vfprintf_r	_vfprintf_r
01ecab88	function	.text	vfprintf	vfprintf
01ec7450	function	.text	__svfscanf	__svfscanf
01ecef58	function	.text	_read_r	_read_r
01eceef8	function	.text	_lseek_r	_lseek_r
01ecf018	function	.text	_write_r	_write_r
01ecee40	function	.text	_close_r	_close_r
01ec7f60	function	.text	__sccl	__sccl
01efef28	data	.data	__mb_cur_max	__mb_cur_max
01ec8288	function	.text	_mbtowc_r	_mbtowc_r
01f27150	data	.rodata	_ctype_	_ctype_
01ecdec0	function	.text	strtol	strtol
01eca1b8	function	.text	strtoul	strtoul
01ecf2f8	function	.text	fread	fread
01ecf410	function	.text	ungetc	ungetc
01ec81a8	function	.text	atof	atof
01ecf280	function	.text	fiprintf	fiprintf
01ec9f70	function	.text	strtod	strtod
01ec85c8	function	.text	__malloc_lock	__malloc_lock
01ecd0f8	function	.text	_malloc_r	_malloc_r
01ec8628	function	.text	__malloc_unlock	__malloc_unlock
01ecd828	function	.text	_free_r	_free_r
01eff018	data	.data	__sce_sema_id	__sce_sema_id
01ec9078	function	.text	_strtod_r	_strtod_r
01f273c0	data	.rodata	__mprec_tens	__mprec_tens
01f27360	data	.rodata	sn___infinity	sn___infinity
01f27488	data	.rodata	__mprec_bigtens	__mprec_bigtens
01f274b0	data	.rodata	__mprec_tinytens	__mprec_tinytens
01ed00a0	function	.text	_ulp	_ulp
01ecf790	function	.text	_s2b	_s2b
01ecfd50	function	.text	_lshift	_lshift
01ecfea8	function	.text	__mcmp	__mcmp
01ed0480	function	.text	_ratio	_ratio
01edadd0	function	.text	__fixdfdi	__fixdfdi
01ecf650	function	.text	_Bfree	_Bfree
01ecf5a8	function	.text	_Balloc	_Balloc
01ed0300	function	.text	_d2b	_d2b
01ecfa10	function	.text	_i2b	_i2b
01ecfc50	function	.text	_pow5mult	_pow5mult
01ecfa48	function	.text	_multiply	_multiply
01ecff10	function	.text	__mdiff	__mdiff
01ec9fa8	function	.text	_strtoul_r	_strtoul_r
01edb4a0	function	.text	__udivdi3	__udivdi3
01edba70	function	.text	__umoddi3	__umoddi3
01ecdef8	function	.text	_tolower	_tolower
01eca338	function	.text	strround	strround
01eca3a8	function	.text	strrev	strrev
01eca420	function	.text	itoa	itoa
01eca4c0	function	.text	fftoa	fftoa
01ecbca0	function	.text	add_separators	add_separators
01ece048	function	.text	sn_floor	sn_floor
01ece238	function	.text	sn_fmod	sn_fmod
01ed1028	function	.text	write	write
01ecbf88	function	.text	_vfiprintf_r	_vfiprintf_r
01ecdf30	function	.text	localeconv	localeconv
01ecec98	function	.text	sn_log10	sn_log10
01ecdf58	function	.text	memchr	memchr
01ecbf58	function	.text	vfiprintf	vfiprintf
01efead0	data	.data	__malloc_av_	__malloc_av_
01efeed8	data	.data	__malloc_trim_threshold	__malloc_trim_threshold
01efeee0	data	.data	__malloc_top_pad	__malloc_top_pad
01efeee8	data	.data	__malloc_sbrk_base	__malloc_sbrk_base
01efeef0	data	.data	__malloc_max_sbrked_mem	__malloc_max_sbrked_mem
01efeef8	data	.data	__malloc_max_total_mem	__malloc_max_total_mem
01efef00	data	.data	__malloc_current_mallinfo	__malloc_current_mallinfo
01ecefb8	function	.text	_sbrk_r	_sbrk_r
01ecdb20	function	.text	_malloc_trim_r	_malloc_trim_r
01ecdc90	function	.text	_strtol_r	_strtol_r
01ecdf18	function	.text	_localeconv_r	_localeconv_r
01ece680	function	.text	sn_log	sn_log
01ed1120	function	.text	close	close
01fe3148	data	.bss	errno	errno
01ed11e0	function	.text	fstat	fstat
01ed1128	function	.text	lseek	lseek
01ed10a8	function	.text	read	read
01ed1130	function	.text	sbrk	sbrk
01ecf2c8	function	.text	memcpyalpha	memcpyalpha
01ecf688	function	.text	_multadd	_multadd
01ecf8c8	function	.text	_hi0bits	_hi0bits
01ecf950	function	.text	_lo0bits	_lo0bits
01ed0168	function	.text	_b2d	_b2d
01ed0548	function	.text	_calloc_r	_calloc_r
01efef30	data	.data	__ps2_klibinfo__	__ps2_klibinfo__
01ed0680	function	.text	_Exit	_Exit
01ed06a0	function	.text	_LoadExecPS2	_LoadExecPS2
01ed0750	function	.text	AddIntcHandler2	AddIntcHandler2
01ed0770	function	.text	AddDmacHandler	AddDmacHandler
01ed0790	function	.text	RemoveDmacHandler	RemoveDmacHandler
01ed07a0	function	.text	_EnableIntc	_EnableIntc
01ed07b0	function	.text	_DisableIntc	_DisableIntc
01ed07c0	function	.text	_EnableDmac	_EnableDmac
01ed07d0	function	.text	_DisableDmac	_DisableDmac
01ed0880	function	.text	_StartThread	_StartThread
01ed0910	function	.text	RotateThreadReadyQueue	RotateThreadReadyQueue
01ed0960	function	.text	ReferThreadStatus	ReferThreadStatus
01ed09a0	function	.text	_iWakeupThread	_iWakeupThread
01ed09d0	function	.text	SuspendThread	SuspendThread
01ed0a40	function	.text	EndOfHeap	EndOfHeap
01ed0b00	function	.text	SetOsdConfigParam	SetOsdConfigParam
01ed0d30	function	.text	sceSifStopDma	sceSifStopDma
01ed0dd0	function	.text	SetVSyncFlag	SetVSyncFlag
01ed0e20	function	.text	_sceSifSetDma	_sceSifSetDma
01ed0e30	function	.text	_isceSifSetDma	_isceSifSetDma
01ed0e40	function	.text	sceSifSetDChain	sceSifSetDChain
01ed0e50	function	.text	isceSifSetDChain	isceSifSetDChain
01ed0e60	function	.text	sceSifSetReg	sceSifSetReg
01ed0e70	function	.text	sceSifGetReg	sceSifGetReg
01ed0e90	function	.text	Deci2Call	Deci2Call
01ed0ec0	function	.text	GetMemorySize	GetMemorySize
01ed0ed0	function	.text	_InitTLB	_InitTLB
01ed0ee0	function	.text	sceResetttyinit	sceResetttyinit
01ed1f60	function	.text	sceTtyInit	sceTtyInit
01ed1d18	function	.text	sceTtyWrite	sceTtyWrite
01ed1e90	function	.text	sceTtyRead	sceTtyRead
01ed11f8	function	.text	_sceSDC	_sceSDC
01ed1328	function	.text	_sceIDC	_sceIDC
01ed1458	function	.text	QueryIntrContext	QueryIntrContext
01ed1538	function	.text	DisableDmac	DisableDmac
01ed15a0	function	.text	EnableDmac	EnableDmac
01ed16e0	function	.text	InitThread	InitThread
01ed17d0	function	.text	iWakeupThread	iWakeupThread
01ed31e0	function	.text	kprintf	kprintf
01ed9c40	function	.text	TimerUSec2BusClock	TimerUSec2BusClock
01ed9d70	function	.text	SetTimerAlarm	SetTimerAlarm
01eda120	function	.text	sceDeci2ExRecv	sceDeci2ExRecv
01eda158	function	.text	sceDeci2ExSend	sceDeci2ExSend
01eda0c0	function	.text	sceDeci2ReqSend	sceDeci2ReqSend
01eda0f0	function	.text	sceDeci2Poll	sceDeci2Poll
01eda070	function	.text	sceDeci2Open	sceDeci2Open
01eda1a0	function	.text	kputs	kputs
01edae38	function	.text	__moddi3	__moddi3
01eda6e0	function	.text	__divdi3	__divdi3
01ed3290	function	.text	sceSifGetSreg	sceSifGetSreg
01ed36c0	function	.text	sceSifExitCmd	sceSifExitCmd
01ed3d28	function	.text	sceSifExitRpc	sceSifExitRpc
01ed4880	function	.text	sceSifGetNextRequest	sceSifGetNextRequest
01ed48d8	function	.text	sceSifExecRequest	sceSifExecRequest
01ed9ea0	function	.text	iSetTimerAlarm	iSetTimerAlarm
01efef58	data	.data	_sceFs_q	_sceFs_q
01ed5278	function	.text	sceFsInit	sceFsInit
01ed8618	function	.text	sceSifResetIop	sceSifResetIop
01ed9fc8	function	.text	sceSifExecNotifyHandler	sceSifExecNotifyHandler
01eff01c	data	.data	__sce_eh_sema_id	__sce_eh_sema_id
01ed8f68	function	.text	InitAlarm	InitAlarm
01ed90e0	function	.text	InitTimer	InitTimer
01ed9240	function	.text	StartTimerSystemTime	StartTimerSystemTime
01ed8c68	function	.text	InitExecPS2	InitExecPS2
01eda238	function	.text	InitTLBFunctions	InitTLBFunctions
01ed9f90	function	.text	sceSifInitRebootNotify	sceSifInitRebootNotify
01eff7c8	data	.data	SysExecPS2Entry	SysExecPS2Entry
01f00338	data	.data	_kExecArg	_kExecArg
01eda310	function	.text	InitTLB	InitTLB
01ed9040	function	.text	SetT2	SetT2
01ed90b0	function	.text	SetT2_COUNT	SetT2_COUNT
01ed90c0	function	.text	SetT2_MODE	SetT2_MODE
01ed90d0	function	.text	SetT2_COMP	SetT2_COMP
01ed97e0	function	.text	iGetTimerSystemTime	iGetTimerSystemTime
01ed98b0	function	.text	iAllocTimerCounter	iAllocTimerCounter
01ed9920	function	.text	AllocTimerCounter	AllocTimerCounter
01ed9980	function	.text	iStartTimerCounter	iStartTimerCounter
01ed9a30	function	.text	StartTimerCounter	StartTimerCounter
01ed9ab0	function	.text	iSetTimerHandler	iSetTimerHandler
01ed9bc0	function	.text	SetTimerHandler	SetTimerHandler
01ed9cc0	function	.text	_InitAlarm	_InitAlarm
01f002f0	data	.data	_kTLBRefillHandler	_kTLBRefillHandler
01f002f8	data	.data	_kDebugHandler	_kDebugHandler
01f005f0	data	.data	TLBInfo	TLBInfo
01eda5c0	function	.text	_kExitTLBHandler	_kExitTLBHandler
01f006e0	data	.data	sn_frame_table	sn_frame_table
01edbfb0	function	.text	sn_reg_frame	sn_reg_frame
01edbfc8	function	.text	sn_dereg_frame	sn_dereg_frame
