address	kind	section	name	demangled
01f78b70	data	.bss	db_dlist	db_dlist
01e91bb8	function	.text	SND_PlayPositionalSound__FP9GDE_SoundPC4VEC3fPP14SND_PositionalUi	SND_PlayPositionalSound(GDE_Sound *, VEC3 const *, float, SND_Positional **, unsigned int)
01e9d4c8	function	.text	ceilf	ceilf
01e811d8	function	.text	RENDEREFFECT_RestoreScreenEffectsState__Fv	RENDEREFFECT_RestoreScreenEffectsState(void)
01e64eb0	function	.text	MCPI_SendProgress__Fii	MCPI_SendProgress(int, int)
01e8ff38	function	.text	GLOBALWAD_FindAssetsByType__F14WAD_ASSET_TYPE	GLOBALWAD_FindAssetsByType(WAD_ASSET_TYPE)
01e91eb8	function	.text	SND_FixupSoundSignaturesIOP__FPUiPvPFP13WadLocationIDUi14WAD_ASSET_TYPE13WadLocationID_P15WAD_FILE_HEADERb	SND_FixupSoundSignaturesIOP(unsigned int *, void *, WAD_FILE_HEADER *(*)(WadLocationID *, unsigned int, WAD_ASSET_TYPE, WadLocationID), bool)
01e940e0	function	.text	dlib_displist_set_blend_state__FP13DLIB_DISPLISTUl	dlib_displist_set_blend_state(DLIB_DISPLIST *, unsigned long)
01ef102c	data	.data	g_TextureMemory	g_TextureMemory
01ec63ac	function	.text	strcat	strcat
01ef583c	data	.data	g_ALPHASORT_nBatchesToRender	g_ALPHASORT_nBatchesToRender
01ebbae0	function	.text	ps2fioOpen	ps2fioOpen
01f78be0	data	.bss	g_GSSettings	g_GSSettings
01e9de98	function	.text	fmodf	fmodf
01e830a8	function	.text	ReleaseBufferCache__Fv	ReleaseBufferCache(void)
01e9d1f8	function	.text	floor	floor
01e829f0	function	.text	Perspective__Q34scee3Psp3Gumffff	scee::Psp::Gum::Perspective(float, float, float, float)
01e9e120	function	.text	powf	powf
01ef1054	data	.data	g_RENDEREFFECT_VIGNETTE_Intensity	g_RENDEREFFECT_VIGNETTE_Intensity
01e7e728	function	.text	RENDEREFFECT_HDR__Fv	RENDEREFFECT_HDR(void)
01e82e90	function	.text	BufferCacheInUse__Fv	BufferCacheInUse(void)
01e82ec0	function	.text	GetBufferCachePtr__Fv	GetBufferCachePtr(void)
01f00710	data	.data	simple_vu_code_microcode	simple_vu_code_microcode
01e82b90	function	.text	TexPerspective__Q34scee3Psp3Gumffffff	scee::Psp::Gum::TexPerspective(float, float, float, float, float, float)
01f07120	data	.data	tie_vu_renderer	tie_vu_renderer
01e9dbf8	function	.text	atan2f	atan2f
01e927a8	function	.text	SND_FadeAllATRAC__Fff	SND_FadeAllATRAC(float, float)
01e93e58	function	.text	dlib_displist_add_data_ul64__FP13DLIB_DISPLISTUlUl	dlib_displist_add_data_ul64(DLIB_DISPLIST *, unsigned long, unsigned long)
01e92570	function	.text	SND_PlayATRAC__FPCcPifb	SND_PlayATRAC(char const *, int *, float, bool)
01ea7230	function	.text	BinkSetVolume	BinkSetVolume
01eca480	function	.text	strncasecmp	strncasecmp
01f04280	data	.data	staticmesh_vu_renderer_scissoring_shadow	staticmesh_vu_renderer_scissoring_shadow
01e8fd20	function	.text	PS2HEAP_MaxFreeMemSize__Fv	PS2HEAP_MaxFreeMemSize(void)
01e91da8	function	.text	SND_IsLooping__FPC9GDE_Sound	SND_IsLooping(GDE_Sound const *)
01ed0b50	function	.text	GetThreadId	GetThreadId
01e7d4a8	function	.text	FOG_PreUpdate__Fv	FOG_PreUpdate(void)
01e917d8	function	.text	SND_SetGlobalSoundRegister__FUiScUi	SND_SetGlobalSoundRegister(unsigned int, signed char, unsigned int)
01e91a30	function	.text	SND_PlayPositionalSound__FP14SND_PositionalUi	SND_PlayPositionalSound(SND_Positional *, unsigned int)
01e929b8	function	.text	SND_IsAllAtracPaused__Fv	SND_IsAllAtracPaused(void)
01e82410	function	.text	LookAt__Q34scee3Psp3GumPC14ScePspFVector3N21	scee::Psp::Gum::LookAt(ScePspFVector3 const *, ScePspFVector3 const *, ScePspFVector3 const *)
01e81dc0	function	.text	PopMatrix__Q34scee3Psp3Gumv	scee::Psp::Gum::PopMatrix(void)
01e9d8e8	function	.text	sqrt	sqrt
01e811a0	function	.text	RENDEREFFECT_SaveScreenEffectsState__Fv	RENDEREFFECT_SaveScreenEffectsState(void)
01e627c0	function	.text	MEMCARD_Busy__Fv	MEMCARD_Busy(void)
01e62998	function	.text	MEMCARD_Saving__Fv	MEMCARD_Saving(void)
01e93ec0	function	.text	dlib_displist_mpg__FP13DLIB_DISPLISTP6QWdata	dlib_displist_mpg(DLIB_DISPLIST *, QWdata *)
01ec9258	function	.text	rand	rand
01e627f8	function	.text	MEMCARD_GetDanSkinUnlocked__Fv	MEMCARD_GetDanSkinUnlocked(void)
01ec82e8	function	.text	__assert	__assert
01ec61f8	function	.text	memmove	memmove
01ef6a14	data	.data	g_pCurrentRenderTarget	g_pCurrentRenderTarget
01e92740	function	.text	SND_StopAllATRAC__Fv	SND_StopAllATRAC(void)
01ef5834	data	.data	g_bTryFastStaticMesh	g_bTryFastStaticMesh
01e81d88	function	.text	PushMatrix__Q34scee3Psp3Gumv	scee::Psp::Gum::PushMatrix(void)
01e82d20	function	.text	DirtyAllMatricies__Q34scee3Psp3Gumv	scee::Psp::Gum::DirtyAllMatricies(void)
01e91940	function	.text	SND_CreatePositionalSound__FPP14SND_Positional	SND_CreatePositionalSound(SND_Positional **)
01e93e78	function	.text	dlib_displist_add_call__FP13DLIB_DISPLISTP6QWdata	dlib_displist_add_call(DLIB_DISPLIST *, QWdata *)
01ec57e8	function	.text	sceSdRemote	sceSdRemote
01e81a78	function	.text	SetMatrixStack__Q34scee3Psp3GumP14ScePspFMatrix4UiUiUiUiUiUi	scee::Psp::Gum::SetMatrixStack(ScePspFMatrix4 *, unsigned int, unsigned int, unsigned int, unsigned int, unsigned int, unsigned int)
01e628b8	function	.text	MEMCARD_GetSlotStatus__FUi	MEMCARD_GetSlotStatus(unsigned int)
01fd30d8	data	.bss	gRT_AuxBuffer	gRT_AuxBuffer
01e64830	function	.text	MEMCARD_Test__Fi	MEMCARD_Test(int)
01ec6da8	function	.text	strncpy	strncpy
01ef570c	data	.data	g_ENG_ClearColor	g_ENG_ClearColor
01ec82d8	function	.text	abort	abort
01e7d4e8	function	.text	FOG_Update__FUi	FOG_Update(unsigned int)
01e81c10	function	.text	LoadIdentity__Q34scee3Psp3Gumv	scee::Psp::Gum::LoadIdentity(void)
01e81de8	function	.text	MultMatrix__Q34scee3Psp3GumPC14ScePspFMatrix4	scee::Psp::Gum::MultMatrix(ScePspFMatrix4 const *)
01e9bdd8	function	.text	sceGsResetPath	sceGsResetPath
01e91078	function	.text	SND_LevelShutdown__Fv	SND_LevelShutdown(void)
01e83060	function	.text	AllocateBufferCache__FUi	AllocateBufferCache(unsigned int)
01ea67e0	function	.text	BinkNextFrame	BinkNextFrame
01fd30c0	data	.bss	gRT_ShadowBuffer	gRT_ShadowBuffer
01e7f7f0	function	.text	RENDEREFFECT_SwirlyEdgeBlur__Ff	RENDEREFFECT_SwirlyEdgeBlur(float)
01ea41e0	function	.text	scePadSetActDirect	scePadSetActDirect
01ea3fd8	function	.text	scePadGetState	scePadGetState
01e913a8	function	.text	SND_LevelUpdate__FPC7MATRIX4T0	SND_LevelUpdate(MATRIX4 const *, MATRIX4 const *)
01e8fd30	function	.text	PS2HEAP_TotalFreeMemSize__Fv	PS2HEAP_TotalFreeMemSize(void)
01f02f60	data	.data	staticmesh_vu_renderer_fast	staticmesh_vu_renderer_fast
01e81c78	function	.text	LoadMatrix__Q34scee3Psp3GumPC14ScePspFMatrix4	scee::Psp::Gum::LoadMatrix(ScePspFMatrix4 const *)
01ef69f8	data	.data	gRT_BackBuffer	gRT_BackBuffer
01e92868	function	.text	SND_AtracOpen__FPCc	SND_AtracOpen(char const *)
01f02310	data	.data	smesh_vu_renderer_scissoring	smesh_vu_renderer_scissoring
01ef1057	data	.data	g_bRenderPlayerShadow	g_bRenderPlayerShadow
01e91e10	function	.text	SND_Fixup__FUiPFP13WadLocationIDUi14WAD_ASSET_TYPE13WadLocationID_P15WAD_FILE_HEADER	SND_Fixup(unsigned int, WAD_FILE_HEADER *(*)(WadLocationID *, unsigned int, WAD_ASSET_TYPE, WadLocationID))
01e80a00	function	.text	RENDEREFFECT_DoFilmNoise__Fv	RENDEREFFECT_DoFilmNoise(void)
01ef105c	data	.data	g_RENDEREFFECT_SWIRLY_InnerRadius	g_RENDEREFFECT_SWIRLY_InnerRadius
01ec68e0	function	.text	strlen	strlen
01e9e628	function	.text	sqrtf	sqrtf
01e8f1b0	function	.text	MBOX_Poll__FiPP12HigMsgPacket	MBOX_Poll(int, HigMsgPacket **)
01fd3360	data	.bss	g_cntTag	g_cntTag
01e91790	function	.text	SND_SetGlobalVolume__Ff	SND_SetGlobalVolume(float)
01e90a08	function	.text	GlobalWad_ResetLoadedFlags__Fv	GlobalWad_ResetLoadedFlags(void)
01e93dd8	function	.text	dlib_displist_direct_end__FP13DLIB_DISPLIST	dlib_displist_direct_end(DLIB_DISPLIST *)
01e92910	function	.text	SND_PauseAtrac__Fbi	SND_PauseAtrac(bool, int)
01e7d460	function	.text	FOG_SetProperties__FUiffUif	FOG_SetProperties(unsigned int, float, float, unsigned int, float)
01ec83d8	function	.text	atoi	atoi
01ed1a70	function	.text	DelayThread	DelayThread
01e8fa28	function	.text	PS2HEAP_Malloc__FUi	PS2HEAP_Malloc(unsigned int)
01ed0c80	function	.text	SignalSema	SignalSema
01e92488	function	.text	SND_IsATRACPlaying__FPCcPi	SND_IsATRACPlaying(char const *, int *)
01ec60b8	function	.text	memcmp	memcmp
01ef69e0	data	.data	gRT_FrontBuffer	gRT_FrontBuffer
01ebbba0	function	.text	ps2fioRead	ps2fioRead
01ef6984	data	.data	G_TransitionWadCompacted	G_TransitionWadCompacted
01e91260	function	.text	SND_Update__FPC7MATRIX4N30	SND_Update(MATRIX4 const *, MATRIX4 const *, MATRIX4 const *, MATRIX4 const *)
01e82350	function	.text	Scale__Q34scee3Psp3GumPC14ScePspFVector3	scee::Psp::Gum::Scale(ScePspFVector3 const *)
01e910c0	function	.text	SND_FlushAndSync__FUi	SND_FlushAndSync(unsigned int)
01edda9a	data	.data	MCP_BypassMemcardCheckOnComingBack	MCP_BypassMemcardCheckOnComingBack
01ea3d50	function	.text	scePadPortClose	scePadPortClose
01ec6a28	function	.text	strncat	strncat
01e7e000	function	.text	RENDEREFFECT_Bloom__FUcb	RENDEREFFECT_Bloom(unsigned char, bool)
01ec7138	function	.text	printf	printf
01ef56b4	data	.data	g_CurLoadedScreenMatrix	g_CurLoadedScreenMatrix
01e8ea00	function	.text	readTexPSMCT16__FiiiiiiPv	readTexPSMCT16(int, int, int, int, int, int, void *)
01ef5714	data	.data	g_bInFrame	g_bInFrame
01ea4128	function	.text	scePadSetMainMode	scePadSetMainMode
01f77970	data	.bss	gMatrixStack	gMatrixStack
01e9be78	function	.text	sceGsSyncPath	sceGsSyncPath
01ef104c	data	.data	g_RENDEREFFECT_COLORMUL_Enable	g_RENDEREFFECT_COLORMUL_Enable
01ec38c8	function	.text	sceCdReadClock	sceCdReadClock
01ef1030	data	.data	g_PaletteMemory	g_PaletteMemory
01f01bc0	data	.data	smesh_vu_renderer	smesh_vu_renderer
01e92900	function	.text	SND_PauseAtracResetLockId__Fv	SND_PauseAtracResetLockId(void)
01e8ebf0	function	.text	writeTexPSMT8__FiiiiiiPv	writeTexPSMT8(int, int, int, int, int, int, void *)
01f034c0	data	.data	staticmesh_vu_renderer_scissoring	staticmesh_vu_renderer_scissoring
01f07bd0	data	.data	tie_vu_renderer_clip_normalize	tie_vu_renderer_clip_normalize
01e8ff08	function	.text	GLOBALWAD_GetTransitionBankIndex__FP15WAD_FILE_HEADER	GLOBALWAD_GetTransitionBankIndex(WAD_FILE_HEADER *)
01ef1058	data	.data	g_RENDEREFFECT_SWIRLY_Active	g_RENDEREFFECT_SWIRLY_Active
01ef69dc	data	.data	g_AspectRatioMult	g_AspectRatioMult
01e917b8	function	.text	SND_GetGlobalMusicVolume__Fv	SND_GetGlobalMusicVolume(void)
01e9ce10	function	.text	sceDmaReset	sceDmaReset
01ec8450	function	.text	free	free
01ec62f4	function	.text	memset	memset
01f06760	data	.data	shrub_vu_renderer_fast	shrub_vu_renderer_fast
01ea3710	function	.text	scePadInit	scePadInit
01e9daf8	function	.text	asinf	asinf
01e81d58	function	.text	StoreMatrix__Q34scee3Psp3GumP14ScePspFMatrix4	scee::Psp::Gum::StoreMatrix(ScePspFMatrix4 *)
01e92278	function	.text	SND_UpdateATRAC__Fv	SND_UpdateATRAC(void)
01e917f8	function	.text	SND_SetOutputMode__Fi	SND_SetOutputMode(int)
01ec7328	function	.text	snprintf	snprintf
01ec6060	function	.text	sceScfGetLocalTimefromRTC	sceScfGetLocalTimefromRTC
01ec667c	function	.text	strcmp	strcmp
01e87080	function	.text	LIGHT_Reset__Fv	LIGHT_Reset(void)
01e81210	function	.text	RENDEREFFECT_DisableScreenEffects__Fv	RENDEREFFECT_DisableScreenEffects(void)
01e91708	function	.text	SND_UnlockPositionalArray__Fv	SND_UnlockPositionalArray(void)
01e93d58	function	.text	dlib_displist_direct_begin__FP13DLIB_DISPLIST	dlib_displist_direct_begin(DLIB_DISPLIST *)
01e64f30	function	.text	MCPI_SendNewLevel__Fi	MCPI_SendNewLevel(int)
01e93f68	function	.text	dlib_displist_base_offset_mscal__FP13DLIB_DISPLISTiii	dlib_displist_base_offset_mscal(DLIB_DISPLIST *, int, int, int)
01f05220	data	.data	PAR_vu_renderer_scissoring	PAR_vu_renderer_scissoring
01ef0d81	data	.data	g_DRAW_Do2D	g_DRAW_Do2D
01e628d0	function	.text	MEMCARD_SetHeaderDetail__FUiUiUiUiUi	MEMCARD_SetHeaderDetail(unsigned int, unsigned int, unsigned int, unsigned int, unsigned int)
01e92820	function	.text	SND_FadeATRACInstance__FP13ATRACInstanceff	SND_FadeATRACInstance(ATRACInstance *, float, float)
01e8fe18	function	.text	GLOBALWAD_UploadTransitionBank__Fv	GLOBALWAD_UploadTransitionBank(void)
01f05100	data	.data	PAR_throughmode_vu_code_microcode	PAR_throughmode_vu_code_microcode
01e93a68	function	.text	dlib_displist_db_init__FP16DLIB_DISPLIST_DBi	dlib_displist_db_init(DLIB_DISPLIST_DB *, int)
01ec73d0	function	.text	sprintf	sprintf
01e9d770	function	.text	sinf	sinf
01f06210	data	.data	shrub_vu_renderer	shrub_vu_renderer
01f08fd0	data	.data	tie_vu_renderer_scissoring_shadow	tie_vu_renderer_scissoring_shadow
01e91740	function	.text	SND_GetNumPositionalSounds__Fv	SND_GetNumPositionalSounds(void)
01e93ce0	function	.text	dlib_displist_db_send_dma__FP16DLIB_DISPLIST_DB	dlib_displist_db_send_dma(DLIB_DISPLIST_DB *)
01ec8878	function	.text	qsort	qsort
01f08100	data	.data	tie_vu_renderer_scissoring	tie_vu_renderer_scissoring
01e915a0	function	.text	SND_StopSoundsImmediate__Fb	SND_StopSoundsImmediate(bool)
01e94d90	function	.text	snd_UnloadBank	snd_UnloadBank
01fd1890	data	.bss	g_snd	g_snd
01e94128	function	.text	dlib_displist_set_tex_clamp__FP13DLIB_DISPLISTbT1	dlib_displist_set_tex_clamp(DLIB_DISPLIST *, bool, bool)
01e7d200	function	.text	RENDEREFFECT_Init__Fv	RENDEREFFECT_Init(void)
01ef57b4	data	.data	g_PS2_VSYNC_COUNT	g_PS2_VSYNC_COUNT
01ef0d80	data	.data	g_bDoDraw	g_bDoDraw
01e8f0f0	function	.text	MBOX_Receive__FiPP12HigMsgPacketPUi	MBOX_Receive(int, HigMsgPacket **, unsigned int *)
01f07700	data	.data	tie_vu_renderer_clip	tie_vu_renderer_clip
01e81a68	function	.text	SetMirroring__Q34scee3Psp3Gumb	scee::Psp::Gum::SetMirroring(bool)
01e919c8	function	.text	SND_ConstructPositionalSound__FP14SND_PositionalP9GDE_SoundPP14SND_PositionalPC4VEC3bT4ffffffUc	SND_ConstructPositionalSound(SND_Positional *, GDE_Sound *, SND_Positional **, VEC3 const *, bool, bool, float, float, float, float, float, float, unsigned char)
01e914d0	function	.text	SND_PauseSoundsImmediate__Fv	SND_PauseSoundsImmediate(void)
01e87048	function	.text	LIGHT_BeginFrame__Fv	LIGHT_BeginFrame(void)
01e92478	function	.text	SND_IsATRACPlaying__FP13ATRACInstance	SND_IsATRACPlaying(ATRACInstance *)
01ea61d0	function	.text	BinkDoFrame	BinkDoFrame
01ef0d8c	data	.data	g_par_hackUpdateOnlyRun	g_par_hackUpdateOnlyRun
01ef0d82	data	.data	g_DRAW_Do3D	g_DRAW_Do3D
01e62848	function	.text	MEMCARD_SetHardcoreModeBit__FUib	MEMCARD_SetHardcoreModeBit(unsigned int, bool)
01e9d9f8	function	.text	acosf	acosf
01ef5720	data	.data	g_bProgressive	g_bProgressive
01e94010	function	.text	dlib_displist_set_texture_state__FP13DLIB_DISPLISTiUlUlUlUl	dlib_displist_set_texture_state(DLIB_DISPLIST *, int, unsigned long, unsigned long, unsigned long, unsigned long)
01e9dfd8	function	.text	logf	logf
01ebd900	function	.text	asyncPs2fioOpen	asyncPs2fioOpen
01ef69ac	data	.data	g_vo_vol_range	g_vo_vol_range
01e9cde8	function	.text	sceDmaGetChan	sceDmaGetChan
01edda98	data	.data	MCP_WideScreenMaster	MCP_WideScreenMaster
01ebd9f0	function	.text	asyncPs2fioLseek	asyncPs2fioLseek
01ed9a30	function	.text	GetTimerSystemTime	GetTimerSystemTime
01e62898	function	.text	MEMCARD_SetWriteHeaderOnlyMode__Fb	MEMCARD_SetWriteHeaderOnlyMode(bool)
01e62838	function	.text	MEMCARD_GetWideScreenFromMemcard__Fv	MEMCARD_GetWideScreenFromMemcard(void)
01e91720	function	.text	SND_LockPositionalArray__Fv	SND_LockPositionalArray(void)
01e91d48	function	.text	SND_PausePositionalSounds__Fb	SND_PausePositionalSounds(bool)
01e94318	function	.text	dlib_displist_add_ref__FP13DLIB_DISPLISTP6QWdatai	dlib_displist_add_ref(DLIB_DISPLIST *, QWdata *, int)
01e92018	function	.text	SND_FixupSoundSignatures__FPUiPvPFP13WadLocationIDUi14WAD_ASSET_TYPE13WadLocationID_P15WAD_FILE_HEADER	SND_FixupSoundSignatures(unsigned int *, void *, WAD_FILE_HEADER *(*)(WadLocationID *, unsigned int, WAD_ASSET_TYPE, WadLocationID))
01e8a1d0	function	.text	ANIM_GetBufferUsedSize__Fv	ANIM_GetBufferUsedSize(void)
01ec614c	function	.text	memcpy	memcpy
01ea5b40	function	.text	BinkCopyToBufferRect	BinkCopyToBufferRect
01e941e8	function	.text	dlib_displist_add_data_block__FP13DLIB_DISPLISTP6QWdatai	dlib_displist_add_data_block(DLIB_DISPLIST *, QWdata *, int)
01e9c498	function	.text	sceGsSyncV	sceGsSyncV
01ef103c	data	.data	g_TEXMGR_LastTex	g_TEXMGR_LastTex
01e92838	function	.text	SND_FadeAndStopATRACInstance__FP13ATRACInstanceff	SND_FadeAndStopATRACInstance(ATRACInstance *, float, float)
01e8fbe8	function	.text	PS2HEAP_Free__FPv	PS2HEAP_Free(void *)
01f09f40	data	.data	DEFORM_vu_renderer_scissoring	DEFORM_vu_renderer_scissoring
01ea39a0	function	.text	scePadEnd	scePadEnd
01ed0af0	function	.text	ChangeThreadPriority	ChangeThreadPriority
01e9d5a0	function	.text	cosf	cosf
01e917c8	function	.text	SND_SetVOVolume__Ff	SND_SetVOVolume(float)
01e8fe80	function	.text	GLOBALWAD_ReleaseTransitionBank__Fv	GLOBALWAD_ReleaseTransitionBank(void)
01f7e2a0	data	.bss	g_JointMatrixBuffers	g_JointMatrixBuffers
01ef1056	data	.data	g_RENDEREFFECT_BLOOM_bFullScreen	g_RENDEREFFECT_BLOOM_bFullScreen
01e938d8	function	.text	dlib_ms_screen_matrix__FPfiiiiii	dlib_ms_screen_matrix(float *, int, int, int, int, int, int)
01e95a78	function	.text	snd_StreamSafeCheckCDIdle_CB	snd_StreamSafeCheckCDIdle_CB
01eca400	function	.text	strcasecmp	strcasecmp
01ef1050	data	.data	g_RENDEREFFECT_COLORMUL_Color	g_RENDEREFFECT_COLORMUL_Color
01ebbc00	function	.text	ps2fioLseek	ps2fioLseek
01f04f70	data	.data	throughmode_vu_code_microcode	throughmode_vu_code_microcode
01e91c68	function	.text	SND_StopPositionalSound__FP14SND_Positionalb	SND_StopPositionalSound(SND_Positional *, bool)
01ef5918	data	.data	g_MaterialHasBloomedThisFrame	g_MaterialHasBloomedThisFrame
01ec6be0	function	.text	strncmp	strncmp
01ea3b68	function	.text	scePadPortOpen	scePadPortOpen
01edda99	data	.data	MCP_BypassBootMoviesOnComingBack	MCP_BypassBootMoviesOnComingBack
01e94700	function	.text	snd_FlushSoundCommands	snd_FlushSoundCommands
01e9d0d0	function	.text	sceDmaSend	sceDmaSend
01e64838	function	.text	MEMCARD_SetMultiplayerSave__Fb	MEMCARD_SetMultiplayerSave(bool)
01e91758	function	.text	SND_GetPositionalSoundAt__FUi	SND_GetPositionalSoundAt(unsigned int)
01e92aa0	function	.text	SND_StopATRACInstance__FP13ATRACInstance	SND_StopATRACInstance(ATRACInstance *)
01ea4870	function	.text	BinkOpen	BinkOpen
01e8ffa0	function	.text	GLOBALWAD_FindAssetsBySignature__FUi14WAD_ASSET_TYPE	GLOBALWAD_FindAssetsBySignature(unsigned int, WAD_ASSET_TYPE)
01e84128	function	.text	SYSTEM_SwapFrame__FP10GSSettingsiiibUi	SYSTEM_SwapFrame(GSSettings *, int, int, int, bool, unsigned int)
01e7edb0	function	.text	RENDEREFFECT_Color__FUi	RENDEREFFECT_Color(unsigned int)
01e917a8	function	.text	SND_SetGlobalMusicVolume__Ff	SND_SetGlobalMusicVolume(float)
01e81cb8	function	.text	LoadMatrix__Q34scee3Psp3GumPC7MATRIX4	scee::Psp::Gum::LoadMatrix(MATRIX4 const *)
01e82818	function	.text	Ortho__Q34scee3Psp3Gumffffff	scee::Psp::Gum::Ortho(float, float, float, float, float, float)
01e91cd8	function	.text	SND_PausePositionalSound__FP14SND_Positionalb	SND_PausePositionalSound(SND_Positional *, bool)
01e90ac8	function	.text	SND_StopSoundThread__Fv	SND_StopSoundThread(void)
01e92a20	function	.text	SND_PauseAndSyncATRAC__Fi	SND_PauseAndSyncATRAC(int)
01e91890	function	.text	SND_Play__FP9GDE_SoundffPP14SND_PositionalUi	SND_Play(GDE_Sound *, float, float, SND_Positional **, unsigned int)
01e94358	function	.text	get_psm_from_pixel_mode__Fi	get_psm_from_pixel_mode(int)
01f05e70	data	.data	PAR_vu_renderer_fast	PAR_vu_renderer_fast
01e62810	function	.text	MEMCARD_SetWideScreenToMemcard__FUi	MEMCARD_SetWideScreenToMemcard(unsigned int)
01e82d48	function	.text	UpdateMatrix__Q34scee3Psp3Gumv	scee::Psp::Gum::UpdateMatrix(void)
01ebd830	function	.text	asyncCmdSync	asyncCmdSync
01e9d688	function	.text	floorf	floorf
01ec67c8	function	.text	strcpy	strcpy
01ebbcb0	function	.text	ps2fioClose	ps2fioClose
01ec64dc	function	.text	strchr	strchr
01e90ac0	function	.text	SND_StartSoundThread__Fv	SND_StartSoundThread(void)
01e93ee0	function	.text	dlib_displist_mscal__FP13DLIB_DISPLISTi	dlib_displist_mscal(DLIB_DISPLIST *, int)
01e91540	function	.text	SND_ContinueSoundsImmediate__Fv	SND_ContinueSoundsImmediate(void)
01f00ef0	data	.data	skinnedmesh_vu_renderer	skinnedmesh_vu_renderer
01e62980	function	.text	MEMCARD_GetSlotHeaderDetail__FUi	MEMCARD_GetSlotHeaderDetail(unsigned int)
01e7f0f0	function	.text	RENDEREFFECT_Vignette__FUc	RENDEREFFECT_Vignette(unsigned char)
01e8e860	function	.text	readTexPSMCT32__FiiiiiiPv	readTexPSMCT32(int, int, int, int, int, int, void *)
01ef5840	data	.data	g_ALPHASORT_CurrentView	g_ALPHASORT_CurrentView
01e9d860	function	.text	tanf	tanf
01e7d450	function	.text	RENDEREFFECT_Reset__Fv	RENDEREFFECT_Reset(void)
01ec8400	function	.text	malloc	malloc
01e9dd20	function	.text	expf	expf
01e8edb8	function	.text	writeTexPSMT4__FiiiiiiPv	writeTexPSMT4(int, int, int, int, int, int, void *)
01e81a50	function	.text	GetMatrix__Q34scee3Psp3GumQ44scee3Psp2Gu11EMatrixType	scee::Psp::Gum::GetMatrix(scee::Psp::Gu::EMatrixType)
01ec8268	function	.text	vsnprintf	vsnprintf
01e90d38	function	.text	SND_LevelInit__Fv	SND_LevelInit(void)
01f01460	data	.data	skinnedmesh_vu_renderer_clip	skinnedmesh_vu_renderer_clip
01ebd980	function	.text	asyncPs2fioRead	asyncPs2fioRead
01e90928	function	.text	GLOBALWAD_FindGlobalSound__FUi	GLOBALWAD_FindGlobalSound(unsigned int)
01f06cb0	data	.data	shrub_vu_renderer_shadow	shrub_vu_renderer_shadow
01e627d0	function	.text	MEMCARD_SetDanSkinUnlocked__FUi	MEMCARD_SetDanSkinUnlocked(unsigned int)
01f01e90	data	.data	smesh_vu_renderer_nearclip	smesh_vu_renderer_nearclip
01ea6aa8	function	.text	BinkClose	BinkClose
01ea3f60	function	.text	scePadRead	scePadRead
01ef5710	data	.data	cur_MC	cur_MC
01e94220	function	.text	dlib_displist_qw__FP13DLIB_DISPLISTiP6QWdatai	dlib_displist_qw(DLIB_DISPLIST *, int, QWdata *, int)
01ef5718	data	.data	g_AspectRatioID	g_AspectRatioID
01e62878	function	.text	MEMCARD_GetHardcoreModeBit__FUi	MEMCARD_GetHardcoreModeBit(unsigned int)
01ec7458	function	.text	sscanf	sscanf
01e81bd8	function	.text	MatrixMode__Q34scee3Psp3GumQ44scee3Psp2Gu11EMatrixType	scee::Psp::Gum::MatrixMode(scee::Psp::Gu::EMatrixType)
01ef1055	data	.data	g_RENDEREFFECT_BLOOM_Intensity	g_RENDEREFFECT_BLOOM_Intensity
01ea42a8	function	.text	scePadSetActAlign	scePadSetActAlign
01ea6c68	function	.text	BinkWait	BinkWait
01e95a50	function	.text	snd_StreamSafeCheckCDIdle	snd_StreamSafeCheckCDIdle
01f00820	data	.data	skinnedmesh_vu_renderer_fast	skinnedmesh_vu_renderer_fast
01e8fee0	function	.text	GLOBALWAD_GetTransitionBank__FUi	GLOBALWAD_GetTransitionBank(unsigned int)
01ed0ee0	function	.text	FlushCache	FlushCache
01ea7378	function	.text	BinkSetMemory	BinkSetMemory
00008000	unmapped	None	_stack_size	_stack_size
01ff8000	unmapped	None	_stack	_stack
00008000	unmapped	None	_heap_size	_heap_size
01ff0000	unmapped	None	_end	_end
01e62508	function	.text	ENTRYPOINT	ENTRYPOINT
0018db00	unmapped	None	_code_size	_code_size
00100000	unmapped	None	_jmsheap_start	_jmsheap_start
01e62500	function	.text	_jmsheap_end	_jmsheap_end
01f0ad00	data	.sndata	sn_dll_header_root	sn_dll_header_root
01f300f0	data	.bss	_gp	_gp
01f28100	data	.bss	_fbss	_fbss
01fefaec	unmapped	None	end	end
01e627a0	function	.text	MEMCARD_Idle__Fv	MEMCARD_Idle(void)
01e628a8	function	.text	MEMCARD_GetWriteHeaderOnlyModeStatus__Fv	MEMCARD_GetWriteHeaderOnlyModeStatus(void)
01e62908	function	.text	MEMCARD_SetHeaderCreationDateDetail__FUi	MEMCARD_SetHeaderCreationDateDetail(unsigned int)
01e629d0	function	.text	MEMCARD_InitStateNode__FP19tMEMCARD_STATE_NODE	MEMCARD_InitStateNode(tMEMCARD_STATE_NODE *)
01e629e8	function	.text	MEMCARD_Init__FP12tMEMCARD_CMD	MEMCARD_Init(tMEMCARD_CMD *)
01f4a268	data	.bss	MEMCARD_sg_SaveIconData	MEMCARD_sg_SaveIconData
01f4a26c	data	.bss	MEMCARD_sg_SaveIconDataSize	MEMCARD_sg_SaveIconDataSize
01e649c0	function	.text	Push__t5Stack2Z19tMEMCARD_STATE_NODEUi8G19tMEMCARD_STATE_NODE	Stack<tMEMCARD_STATE_NODE, 8>::Push(tMEMCARD_STATE_NODE)
01f3c264	data	.bss	MEMCARD_sg_SaveDataSize	MEMCARD_sg_SaveDataSize
01f3c260	data	.bss	MEMCARD_sg_SaveData	MEMCARD_sg_SaveData
01f4a634	data	.bss	MEMCARD_sg_SaveSysData	MEMCARD_sg_SaveSysData
01f4a638	data	.bss	MEMCARD_sg_SaveSysDataSize	MEMCARD_sg_SaveSysDataSize
01f28300	data	.bss	g_PS2_SlotBuffer	g_PS2_SlotBuffer
01e63668	function	.text	MC_SetError__Fi	MC_SetError(int)
01e636c8	function	.text	MEMCARD_SetErrorIfWeStartedOperationFlow__Fv	MEMCARD_SetErrorIfWeStartedOperationFlow(void)
01e63728	function	.text	MEMCARD_Update__Fv	MEMCARD_Update(void)
01e64848	function	.text	MEMCARD_ProcessClientRequests__Fv	MEMCARD_ProcessClientRequests(void)
01e64a70	function	.text	_GLOBAL_$I$SYSTEMS_memcard_ps2.cppBRcaaa	global constructors keyed to SYSTEMS_memcard_ps2.cppBRcaaa
01e8dc48	function	.text	PLATSYS_HIGSYS_TranslateLanguageCommonParam__FUi	PLATSYS_HIGSYS_TranslateLanguageCommonParam(unsigned int)
01f4a740	data	.bss	g_McpGlobals	g_McpGlobals
01e8c6a8	function	.text	HIT_fopen_internal__FPCcT0	HIT_fopen_internal(char const *, char const *)
01e8c858	function	.text	HIT_fread__FPvUiUiPi	HIT_fread(void *, unsigned int, unsigned int, int *)
01e8c9b0	function	.text	HIT_fclose__FPi	HIT_fclose(int *)
01e8b288	function	.text	AsciiString2Sjis__FPUcPUs	AsciiString2Sjis(unsigned char *, unsigned short *)
01ec3a78	function	.text	sceMcInit	sceMcInit
01ec45f8	function	.text	sceMcGetInfo	sceMcGetInfo
01ec4778	function	.text	sceMcGetDir	sceMcGetDir
01ec3fc0	function	.text	sceMcMkdir	sceMcMkdir
01ec49a0	function	.text	sceMcDelete	sceMcDelete
01ec3e98	function	.text	sceMcOpen	sceMcOpen
01ec40b8	function	.text	sceMcSeek	sceMcSeek
01ec4360	function	.text	sceMcWrite	sceMcWrite
01ec4248	function	.text	sceMcRead	sceMcRead
01ec3ff8	function	.text	sceMcClose	sceMcClose
01ec48d0	function	.text	sceMcFormat	sceMcFormat
01ec4ce0	function	.text	sceMcUnformat	sceMcUnformat
01ec4db0	function	.text	sceMcGetEntSpace	sceMcGetEntSpace
01ec53b8	function	.text	sceMcConvertError	sceMcConvertError
01ec44d8	function	.text	sceMcSync	sceMcSync
01e8d280	function	.text	SIG_CalcSignature__FPCci	SIG_CalcSignature(char const *, int)
01e64a90	function	.text	CMD_ParseCommandLine__FiPPcPi	CMD_ParseCommandLine(int, char **, int *)
01e64d18	function	.text	_GLOBAL_$I$CORE_cmdline.cpptJcaaa	global constructors keyed to CORE_cmdline.cpptJcaaa
01e64e90	function	.text	MCPI_SetGameId__Fi	MCPI_SetGameId(int)
01e64fe8	function	.text	MCPI_SetMyMsgBoxId__Fi	MCPI_SetMyMsgBoxId(int)
01e64ff8	function	.text	MCPI_SetTheirMsgBoxId__Fi	MCPI_SetTheirMsgBoxId(int)
01e64d38	function	.text	MCPI_InitializeMcpGlobals__Fv	MCPI_InitializeMcpGlobals(void)
01e65150	function	.text	Reset__t5Queue2Z14tHUDPROMQ_NODEUi8	Queue<tHUDPROMQ_NODE, 8>::Reset(void)
01e64ea0	function	.text	MCPI_GetGameId__Fv	MCPI_GetGameId(void)
01e64f08	function	.text	MCPI_ResetLoadProgress__Fv	MCPI_ResetLoadProgress(void)
01e64f20	function	.text	MCPI_GetLoadProgress__Fv	MCPI_GetLoadProgress(void)
01e64f78	function	.text	MCPI_CreateMsgBoxes__Fv	MCPI_CreateMsgBoxes(void)
01e65008	function	.text	MCPI_GetMyMsgBoxId__Fv	MCPI_GetMyMsgBoxId(void)
01e65018	function	.text	MCPI_GetTheirMsgBoxId__Fv	MCPI_GetTheirMsgBoxId(void)
01e65028	function	.text	MCPI_HandleMessages__Fb	MCPI_HandleMessages(bool)
01e65140	function	.text	MCPI_PowerLock__Fv	MCPI_PowerLock(void)
01e65148	function	.text	MCPI_PowerUnlock__Fv	MCPI_PowerUnlock(void)
01e65180	function	.text	Reset__t5Stack2Z19tMEMCARD_STATE_NODEUi8	Stack<tMEMCARD_STATE_NODE, 8>::Reset(void)
01e651a8	function	.text	__t5Stack2Z19tMEMCARD_STATE_NODEUi8	Stack<tMEMCARD_STATE_NODE, 8>::Stack(void)
01e651d0	function	.text	_$_t5Stack2Z19tMEMCARD_STATE_NODEUi8	Stack<tMEMCARD_STATE_NODE, 8>::~Stack(void)
01e651f8	function	.text	__t5Queue2Z14tHUDPROMQ_NODEUi8	Queue<tHUDPROMQ_NODE, 8>::Queue(void)
01e65220	function	.text	_$_t5Queue2Z14tHUDPROMQ_NODEUi8	Queue<tHUDPROMQ_NODE, 8>::~Queue(void)
01e653c0	function	.text	_GLOBAL_$I$CORE_mcpclient.cppgvcaaa	global constructors keyed to CORE_mcpclient.cppgvcaaa
01e653e0	function	.text	_GLOBAL_$D$CORE_mcpclient.cppmQeaaa	global destructors keyed to CORE_mcpclient.cppmQeaaa
01e8dc00	function	.text	CB_ARRAY_Init__FP14tCB_ARRAY_DATA	CB_ARRAY_Init(tCB_ARRAY_DATA *)
01eddb20	data	.data	FontTableNormal	FontTableNormal
01eddf20	data	.data	FontTableJapanNormal	FontTableJapanNormal
01f61e30	data	.bss	MCPTRANS_planetNames	MCPTRANS_planetNames
01f62130	data	.bss	MCPTRANS_cityNames	MCPTRANS_cityNames
01f62430	data	.bss	MCPTRANS_mpHelpHints	MCPTRANS_mpHelpHints
01e65a18	function	.text	HEROSKIN_Init__Fv	HEROSKIN_Init(void)
01e8f0a0	function	.text	MBOX_Send__FiP12HigMsgPacket	MBOX_Send(int, HigMsgPacket *)
01e8f018	function	.text	MBOX_Create__FPCcUiPv	MBOX_Create(char const *, unsigned int, void *)
01e8f570	function	.text	MODULE_StopModule__FiiPCvPiT2	MODULE_StopModule(int, int, void const *, int *, void const *)
01e8f638	function	.text	MODULE_UnloadModule__Fi	MODULE_UnloadModule(int)
01e66108	function	.text	MCP_SetState__F10mcpState_t	MCP_SetState(mcpState_t)
01e96f88	function	.text	__builtin_delete	__builtin_delete
01e65988	function	.text	__8HIGMutex	HIGMutex::HIGMutex(void)
01e659c8	function	.text	_$_8HIGMutex	HIGMutex::~HIGMutex(void)
01edc80c	data	.data	g_nOpenFileHandles	g_nOpenFileHandles
01edc814	data	.data	g_higIoOpenFilesMutex	g_higIoOpenFilesMutex
01edc818	data	.data	g_higIoOpenAsyncFilesMutex	g_higIoOpenAsyncFilesMutex
01e65400	function	.text	UMD_checkState__Fb	UMD_checkState(bool)
01e65408	function	.text	UMD_Init__Fv	UMD_Init(void)
01e65410	function	.text	UMD_Deinit__Fv	UMD_Deinit(void)
01e65418	function	.text	higIoInit__Fv	higIoInit(void)
01e65430	function	.text	higIoShutdown__Fv	higIoShutdown(void)
01e65458	function	.text	higIoRead__FiPvUi	higIoRead(int, void *, unsigned int)
01e65478	function	.text	higIoLseek__Fiii	higIoLseek(int, int, int)
01e654a0	function	.text	higIoReadAsync__FiPvUi	higIoReadAsync(int, void *, unsigned int)
01e654c0	function	.text	higIoWaitAsync__FiPUi	higIoWaitAsync(int, unsigned int *)
01e654f8	function	.text	higIoOpenInternal__FPCciUib	higIoOpenInternal(char const *, int, unsigned int, bool)
01e65690	function	.text	UMD_ExpandFilename__FPcUiPCcb	UMD_ExpandFilename(char *, unsigned int, char const *, bool)
01f5f8b0	data	.bss	g_openFiles	g_openFiles
01e65608	function	.text	higIoClose__Fi	higIoClose(int)
01e65968	function	.text	_GLOBAL_$I$CORE_umd.cppOWbaaa	global constructors keyed to CORE_umd.cppOWbaaa
01ebbeb0	function	.text	ps2fioGetStat	ps2fioGetStat
01ed0c60	function	.text	CreateSema	CreateSema
01ed0c70	function	.text	DeleteSema	DeleteSema
01ed0ca0	function	.text	WaitSema	WaitSema
01e65b98	function	.text	HEROSKIN_InitSinglePlayer__Fv	HEROSKIN_InitSinglePlayer(void)
01e65be0	function	.text	HEROSKIN_TermSinglePlayer__Fv	HEROSKIN_TermSinglePlayer(void)
01e65c60	function	.text	_GLOBAL_$I$CORE_heroSkin.cppMzcaaa	global constructors keyed to CORE_heroSkin.cppMzcaaa
01e8d2e8	function	.text	SIG_CalcCaseInsensitiveSignature__FPCc	SIG_CalcCaseInsensitiveSignature(char const *)
01edd004	data	.data	cdloading_gim_size	cdloading_gim_size
01edd011	data	.data	g_MainThreadOn	g_MainThreadOn
01e65c80	function	.text	main	main
01edd020	data	.data	cdloading_gim	cdloading_gim
01e65f18	function	.text	stopAndUnloadModules__Fv	stopAndUnloadModules(void)
01e65f58	function	.text	_GLOBAL_$I$MCP_mcp.cppbFbaaa	global constructors keyed to MCP_mcp.cppbFbaaa
01e95db8	function	.text	__main	__main
01e68e30	function	.text	APP_Init__Fv	APP_Init(void)
01e9bad8	function	.text	snInitDllSystem	snInitDllSystem
01e83e70	function	.text	SYSTEM_InitializeMcp__Fi	SYSTEM_InitializeMcp(int)
01e83ff8	function	.text	SYSTEM_InitGraphicsMCP__Fi	SYSTEM_InitGraphicsMCP(int)
01e7cec0	function	.text	TEXMGR_LoadTextureFromMemory__FPCUcUibN22P29tTEXMGR_ALPHA_COLOR_TOLERANCE	TEXMGR_LoadTextureFromMemory(unsigned char const *, unsigned int, bool, bool, bool, tTEXMGR_ALPHA_COLOR_TOLERANCE *)
01e84040	function	.text	SYSTEM_BeginFrame__Fb	SYSTEM_BeginFrame(bool)
01e7c288	function	.text	TEXMGR_SetCurrent__FUi	TEXMGR_SetCurrent(unsigned int)
01e8b3a8	function	.text	UTIL_DrawTexturedRect__FssssffffUiUi	UTIL_DrawTexturedRect(short, short, short, short, float, float, float, float, unsigned int, unsigned int)
01e848a8	function	.text	SYSTEM_EndFrame__FbUi	SYSTEM_EndFrame(bool, unsigned int)
01e66060	function	.text	MCP_Update__Fv	MCP_Update(void)
01e8c4e0	function	.text	MEM_DeinitializeMemory__Fv	MEM_DeinitializeMemory(void)
01e90b08	function	.text	SND_InitScream__Fv	SND_InitScream(void)
01e90128	function	.text	GLOBALWAD_Load__Fv	GLOBALWAD_Load(void)
01e65f78	function	.text	MCP_StateSystemInit__Fv	MCP_StateSystemInit(void)
01e898e0	function	.text	ANIM_Init__FPC21ANIM_CursorPoolConfigUi	ANIM_Init(ANIM_CursorPoolConfig const *, unsigned int)
01e78018	function	.text	DRAW_Init__Fv	DRAW_Init(void)
01e78050	function	.text	DRAW_ReserveMemory__Fiii	DRAW_ReserveMemory(int, int, int)
01e7a348	function	.text	PAR_Init__Fv	PAR_Init(void)
01e7a360	function	.text	PAR_ReserveMemory__Fi	PAR_ReserveMemory(int)
01e89bf8	function	.text	ANIM_PostInit__Fv	ANIM_PostInit(void)
01e780c8	function	.text	DRAW_PostInit__Fv	DRAW_PostInit(void)
01edd9b0	data	.data	g_nStaticDirectionalLights	g_nStaticDirectionalLights
01edd9b4	data	.data	g_StaticDirectionalLights	g_StaticDirectionalLights
01edd9b8	data	.data	g_nStaticPointLights	g_nStaticPointLights
01edd9bc	data	.data	g_StaticPointLights	g_StaticPointLights
01edd9c0	data	.data	g_UseLocalRelFiles	g_UseLocalRelFiles
01edd9c8	data	.data	localLevelExecs	localLevelExecs
01edda30	data	.data	levelExecs	levelExecs
01eddaa4	data	.data	g_TransVignette	g_TransVignette
01eddaa8	data	.data	g_MCP_FrameSwapColor	g_MCP_FrameSwapColor
01eddab0	data	.data	g_mcpState	g_mcpState
01eddab4	data	.data	g_queuedState	g_queuedState
01eddab8	data	.data	g_substate	g_substate
01eddacc	data	.data	g_transMode	g_transMode
01eddad0	data	.data	g_mcpFrameCount	g_mcpFrameCount
01e65fa8	function	.text	MCP_UpdateCameraCB__FPfT014CameraSystemIDPv	MCP_UpdateCameraCB(float *, float *, CameraSystemID, void *)
01e66118	function	.text	MCP_GetState__Fv	MCP_GetState(void)
01eddad4	data	.data	g_FadeLevel	g_FadeLevel
01eddad8	data	.data	g_FadeInRate	g_FadeInRate
01e67018	function	.text	MCP_HasLevelBeenSeen__FUi	MCP_HasLevelBeenSeen(unsigned int)
01e672c0	function	.text	_GLOBAL_$I$MCP_mcpupdate.cppcKbaaa	global constructors keyed to MCP_mcpupdate.cppcKbaaa
01e6d8e8	function	.text	MCPTRANS_DREAM_UpdateCamera__Ff	MCPTRANS_DREAM_UpdateCamera(float)
01e6c420	function	.text	MCPTRANS_SHRINK_UpdateCamera__Ff	MCPTRANS_SHRINK_UpdateCamera(float)
01e6ced8	function	.text	MCPTRANS_FALL_UpdateCamera__Ff	MCPTRANS_FALL_UpdateCamera(float)
01e69f78	function	.text	MCPTRANS_UpdateCamera__Ff	MCPTRANS_UpdateCamera(float)
01e91370	function	.text	SND_MCPUpdate__FPC7MATRIX4T0	SND_MCPUpdate(MATRIX4 const *, MATRIX4 const *)
01e6d990	function	.text	MCPTRANS_DREAM_Animate__Ff	MCPTRANS_DREAM_Animate(float)
01e68828	function	.text	CAMERA_PreUpdate__Fv	CAMERA_PreUpdate(void)
01e688b8	function	.text	CAMERA_Update__Fv	CAMERA_Update(void)
01e68b18	function	.text	CAMERA_CommitToDisplay__Fv	CAMERA_CommitToDisplay(void)
01e68b00	function	.text	CAMERA_GetDisplayMatrix__Fv	CAMERA_GetDisplayMatrix(void)
01f7a880	data	.bss	g_projMat	g_projMat
01f7a8c0	data	.bss	g_clipMat	g_clipMat
01e78ba0	function	.text	DRAW_ApplyDisplay__FPC7MATRIX4N20Ui	DRAW_ApplyDisplay(MATRIX4 const *, MATRIX4 const *, MATRIX4 const *, unsigned int)
01e6dad0	function	.text	MCPTRANS_DREAM_Render__Fv	MCPTRANS_DREAM_Render(void)
01e6cf80	function	.text	MCPTRANS_FALL_Animate__Ff	MCPTRANS_FALL_Animate(float)
01e6d048	function	.text	MCPTRANS_FALL_Render__Fv	MCPTRANS_FALL_Render(void)
01e6c4c8	function	.text	MCPTRANS_SHRINK_Animate__Ff	MCPTRANS_SHRINK_Animate(float)
01e6c7f8	function	.text	MCPTRANS_SHRINK_Render__Fv	MCPTRANS_SHRINK_Render(void)
01e6a2f0	function	.text	MCPTRANS_Animate__Ff	MCPTRANS_Animate(float)
01e6a9e8	function	.text	MCPTRANS_Render__Fv	MCPTRANS_Render(void)
01e67380	function	.text	MCP_StartLevelModule__Fv	MCP_StartLevelModule(void)
01e69ae8	function	.text	MCPTRANS_SetLanding__Fb	MCPTRANS_SetLanding(bool)
01e68f00	function	.text	MCPTRANS_IsComplete__Fv	MCPTRANS_IsComplete(void)
01e68f38	function	.text	MCPTRANS_ShouldFade__Fv	MCPTRANS_ShouldFade(void)
01e7b188	function	.text	PAR_UpdateAndTesselate__F10DRAW_LayerT0Uib	PAR_UpdateAndTesselate(DRAW_Layer, DRAW_Layer, unsigned int, bool)
01e7a068	function	.text	DRAW_RenderBegin__FUi	DRAW_RenderBegin(unsigned int)
01e7a0c0	function	.text	DRAW_Render__F10DRAW_LayerT0Ui	DRAW_Render(DRAW_Layer, DRAW_Layer, unsigned int)
01e78a08	function	.text	DRAW_EndUpdate__Fv	DRAW_EndUpdate(void)
01e79198	function	.text	DRAW_PostUpdate__FUi	DRAW_PostUpdate(unsigned int)
01e854c8	function	.text	SYSTEM_SetDepthTestMode__FbUi	SYSTEM_SetDepthTestMode(bool, unsigned int)
01e8bdf0	function	.text	UTIL_DrawFlatShadedRect__FssssUiUi	UTIL_DrawFlatShadedRect(short, short, short, short, unsigned int, unsigned int)
01e6c350	function	.text	MCPTRANS_TextTransition__Fv	MCPTRANS_TextTransition(void)
01e93838	function	.text	VRAM_SetOffset__Fii	VRAM_SetOffset(int, int)
01e93888	function	.text	VRAM_SetViewport__Fiiii	VRAM_SetViewport(int, int, int, int)
01e6c310	function	.text	MCPTRANS_Shutdown__Fv	MCPTRANS_Shutdown(void)
01e6c780	function	.text	MCPTRANS_SHRINK_Shutdown__Fv	MCPTRANS_SHRINK_Shutdown(void)
01e6d000	function	.text	MCPTRANS_FALL_Shutdown__Fv	MCPTRANS_FALL_Shutdown(void)
01e6da88	function	.text	MCPTRANS_DREAM_Shutdown__Fv	MCPTRANS_DREAM_Shutdown(void)
01e78860	function	.text	DRAW_BeginUpdate__Fv	DRAW_BeginUpdate(void)
01e81870	function	.text	TexScale__Q34scee3Psp2Guff	scee::Psp::Gu::TexScale(float, float)
01e81858	function	.text	TexFilter__Q34scee3Psp2GuQ44scee3Psp2Gu18ETextureFilterModeT1	scee::Psp::Gu::TexFilter(scee::Psp::Gu::ETextureFilterMode, scee::Psp::Gu::ETextureFilterMode)
01e81720	function	.text	Enable__Q34scee3Psp2GuQ44scee3Psp2Gu13EFunctionName	scee::Psp::Gu::Enable(scee::Psp::Gu::EFunctionName)
01e81740	function	.text	Disable__Q34scee3Psp2GuQ44scee3Psp2Gu13EFunctionName	scee::Psp::Gu::Disable(scee::Psp::Gu::EFunctionName)
01e81860	function	.text	TexFunc__Q34scee3Psp2GuQ44scee3Psp2Gu16ETextureFunctionQ44scee3Psp2Gu22ETextureColorComponent	scee::Psp::Gu::TexFunc(scee::Psp::Gu::ETextureFunction, scee::Psp::Gu::ETextureColorComponent)
01e817d0	function	.text	DepthOffset__Q34scee3Psp2Gui	scee::Psp::Gu::DepthOffset(int)
01e91138	function	.text	SND_ClearListenerData__Fv	SND_ClearListenerData(void)
01e7beb0	function	.text	TEXMGR_Initialize__Fv	TEXMGR_Initialize(void)
01e7bfa8	function	.text	TEXMGR_Soil__Fv	TEXMGR_Soil(void)
01e67e18	function	.text	MCP_InitMaxCharDrop__Fv	MCP_InitMaxCharDrop(void)
01e86f88	function	.text	LIGHT_Init__Fv	LIGHT_Init(void)
01e8a980	function	.text	MATERIAL_Init__Fv	MATERIAL_Init(void)
01e68630	function	.text	CAMERA_Init__Fv	CAMERA_Init(void)
01e68ab0	function	.text	CAMERA_SetSystemUpdate__F14CameraSystemIDPFPfPf14CameraSystemIDPv_P7MATRIX4Pv	CAMERA_SetSystemUpdate(CameraSystemID, MATRIX4 *(*)(float *, float *, CameraSystemID, void *), void *)
01e7bdf0	function	.text	PART_Init__Fv	PART_Init(void)
01e69aa8	function	.text	MCPTRANS_SetLevel__F16LEVEL_IDENTIFIER	MCPTRANS_SetLevel(LEVEL_IDENTIFIER)
01e69ad8	function	.text	MCPTRANS_SetPrevLevel__F16LEVEL_IDENTIFIER	MCPTRANS_SetPrevLevel(LEVEL_IDENTIFIER)
01e6c3c0	function	.text	MCPTRANS_SHRINK_Init__Fb	MCPTRANS_SHRINK_Init(bool)
01e6ce40	function	.text	MCPTRANS_FALL_Init__Fb	MCPTRANS_FALL_Init(bool)
01e6d870	function	.text	MCPTRANS_DREAM_Init__Fb	MCPTRANS_DREAM_Init(bool)
01e69af8	function	.text	MCPTRANS_Init__Fb	MCPTRANS_Init(bool)
01e7a498	function	.text	PAR_PostInit__Fv	PAR_PostInit(void)
01e672e0	function	.text	MCP_LoadLevelModule__Fi	MCP_LoadLevelModule(int)
01e69a98	function	.text	MCPTRANS_GetLevel__Fv	MCPTRANS_GetLevel(void)
01eddae4	data	.data	g_LevelToLaunch	g_LevelToLaunch
01eddae8	data	.data	g_GameLoadThread	g_GameLoadThread
01eddaec	data	.data	g_LevelLauncherState	g_LevelLauncherState
01f5fb50	data	.bss	gameLoadThreadStack	gameLoadThreadStack
01e674c0	function	.text	MCP_UpdateRCPMLoadState__Fi	MCP_UpdateRCPMLoadState(int)
01e67680	function	.text	_GLOBAL_$I$MCP_mcputil.cpplxcaaa	global constructors keyed to MCP_mcputil.cpplxcaaa
01e8c638	function	.text	MEM_malloc__FUi12MEMAssetTypePcUi	MEM_malloc(unsigned int, MEMAssetType, char *, unsigned int)
01e8c670	function	.text	MEM_free__FPvPcUi	MEM_free(void *, char *, unsigned int)
01ed0a60	function	.text	CreateThread	CreateThread
01ed1b38	function	.text	StartThread	StartThread
01e8f3a8	function	.text	MODULE_StartModule__FiiPCvi	MODULE_StartModule(int, int, void const *, int)
01e90898	function	.text	GLOBALWAD_ReleasePlayerWad__Fv	GLOBALWAD_ReleasePlayerWad(void)
01e90698	function	.text	GLOBALWAD_LoadPlayerWad__F13PlayerWadType	GLOBALWAD_LoadPlayerWad(PlayerWadType)
01e8c630	function	.text	MEM_PrintMemoryMap__FPc	MEM_PrintMemoryMap(char *)
01e8f218	function	.text	MODULE_LoadModule__FPCc	MODULE_LoadModule(char const *)
01ed0aa0	function	.text	ExitDeleteThread	ExitDeleteThread
01e676a0	function	.text	MCPHUD_UpdateViewTransform__FUiP11tHUD_OFFSET	MCPHUD_UpdateViewTransform(unsigned int, tHUD_OFFSET *)
01e676a8	function	.text	MCPFONT_DrawTextureSimpleArea__FUissssUsUsUsUsUi	MCPFONT_DrawTextureSimpleArea(unsigned int, short, short, short, short, unsigned short, unsigned short, unsigned short, unsigned short, unsigned int)
01e677a0	function	.text	MCPFONT_RegisterFontTextures__Fv	MCPFONT_RegisterFontTextures(void)
01e67878	function	.text	MCPFONT_GetFontPage__FUc	MCPFONT_GetFontPage(unsigned char)
01e67978	function	.text	MCPFONT_FontStringLength__FPCc	MCPFONT_FontStringLength(char const *)
01e679b8	function	.text	MCPFONT_FontStringPixelLength__FPCcUi	MCPFONT_FontStringPixelLength(char const *, unsigned int)
01e67a88	function	.text	MCPFONT_FontStringPixelLength__FPCc	MCPFONT_FontStringPixelLength(char const *)
01e67ad0	function	.text	MCPFONT_SetColor__FUi	MCPFONT_SetColor(unsigned int)
01e67ae0	function	.text	MCPFONT_FontPrintCenterScaled__FssPCcff	MCPFONT_FontPrintCenterScaled(short, short, char const *, float, float)
01e67ec0	function	.text	MCP_GetFontPage__FUc	MCP_GetFontPage(unsigned char)
01e67ee8	function	.text	MCP_FontStringLength__FPCc	MCP_FontStringLength(char const *)
01e67f28	function	.text	MCP_DrawRectangleSimpleArea__FssssUi	MCP_DrawRectangleSimpleArea(short, short, short, short, unsigned int)
01e67f80	function	.text	MCP_FontStringPixelLength__FPCcUi	MCP_FontStringPixelLength(char const *, unsigned int)
01e68058	function	.text	MCP_FontPrintWindowArea__FP20tFontPrintWindowData	MCP_FontPrintWindowArea(tFontPrintWindowData *)
01e68478	function	.text	GetCenterX__17HUD_BoundingBox16	HUD_BoundingBox16::GetCenterX(void)
01e684a8	function	.text	GetWidth__17HUD_BoundingBox16	HUD_BoundingBox16::GetWidth(void)
01e68508	function	.text	MCP_FontPrintWindowSetStructDefaults__FP20tFontPrintWindowDatassssUi	MCP_FontPrintWindowSetStructDefaults(tFontPrintWindowData *, short, short, short, short, unsigned int)
01e68610	function	.text	_GLOBAL_$I$MCP_mcpfont.cpp9Icaaa	global constructors keyed to MCP_mcpfont.cpp9Icaaa
01e8dd20	function	.text	LOADER_FindAssetsBySignature__FUi14WAD_ASSET_TYPE	LOADER_FindAssetsBySignature(unsigned int, WAD_ASSET_TYPE)
01e7c988	function	.text	TEXMGR_LoadTextureFromMemory__FPCUcUibPbT2N22P29tTEXMGR_ALPHA_COLOR_TOLERANCE	TEXMGR_LoadTextureFromMemory(unsigned char const *, unsigned int, bool, bool *, bool, bool, bool, tTEXMGR_ALPHA_COLOR_TOLERANCE *)
01e68658	function	.text	CAMERA_Reset__Fv	CAMERA_Reset(void)
01e68a78	function	.text	CAMERA_SetCurrentCamera__FUi	CAMERA_SetCurrentCamera(unsigned int)
01e68c70	function	.text	CAMERA_SetFov__Ff	CAMERA_SetFov(float)
01e68cb8	function	.text	CAMERA_SetFovX__Ff	CAMERA_SetFovX(float)
01e68ca0	function	.text	CAMERA_StoreThisFrameLastUpdatedFov__Fv	CAMERA_StoreThisFrameLastUpdatedFov(void)
01e68e10	function	.text	_GLOBAL_$I$CORE_camera.cppyGcaaa	global constructors keyed to CORE_camera.cppyGcaaa
01ef69d8	data	.data	g_YAspectMultiplier	g_YAspectMultiplier
01f1e660	data	.rodata	g_identityMatrix	g_identityMatrix
01e88a70	function	.text	DISPLAY_SetViewMatrixFromCameraMatrix__FPC7MATRIX4	DISPLAY_SetViewMatrixFromCameraMatrix(MATRIX4 const *)
01e88a98	function	.text	DISPLAY_SetupProjection__Fffff	DISPLAY_SetupProjection(float, float, float, float)
01e894c8	function	.text	DISPLAY_CommitView__Fv	DISPLAY_CommitView(void)
01e88b08	function	.text	DISPLAY_BuildFrustumPlanes__FP7MATRIX4N20P10ClipPlanes	DISPLAY_BuildFrustumPlanes(MATRIX4 *, MATRIX4 *, MATRIX4 *, ClipPlanes *)
01e88ab8	function	.text	DISPLAY_SetVisibilityPlanes__FP10ClipPlanes	DISPLAY_SetVisibilityPlanes(ClipPlanes *)
01e84fc8	function	.text	SYSTEM_UpdateMatricies__Fv	SYSTEM_UpdateMatricies(void)
01e89518	function	.text	DISPLAY_CalcFovX__Ff	DISPLAY_CalcFovX(float)
01e77c80	function	.text	Quat_Slerp__FP4QUATPC4QUATT1f	Quat_Slerp(QUAT *, QUAT const *, QUAT const *, float)
01e77e48	function	.text	Quat_ConvertToMatrix__FP7MATRIX4PC4QUAT	Quat_ConvertToMatrix(MATRIX4 *, QUAT const *)
01e8f970	function	.text	PS2HEAP_Init__Fv	PS2HEAP_Init(void)
01ed3d88	function	.text	sceSifInitRpc	sceSifInitRpc
01ebb998	function	.text	ps2fioInit	ps2fioInit
01ebd1f8	function	.text	ps2fioRebootIop	ps2fioRebootIop
01ed8970	function	.text	sceSifSyncIop	sceSifSyncIop
01ebd768	function	.text	asyncInit	asyncInit
01ebba30	function	.text	ps2fioInitializeDevice	ps2fioInitializeDevice
01ebd060	function	.text	ps2fioBuildFilesystem	ps2fioBuildFilesystem
01e68ee0	function	.text	FastMemCopy__FPvPCvUi	FastMemCopy(void *, void const *, unsigned int)
01ede360	data	.data	g_fly_trans_1	g_fly_trans_1
01edf980	data	.data	g_fly_trans_2	g_fly_trans_2
01ee0fa0	data	.data	g_fly_trans_3	g_fly_trans_3
01ee25c0	data	.data	g_fly_trans_4	g_fly_trans_4
01ee3be0	data	.data	g_fly_transitions	g_fly_transitions
01ee3bf0	data	.data	g_num_fly_trans	g_num_fly_trans
01ee3c00	data	.data	g_land_trans_1	g_land_trans_1
01ee5220	data	.data	g_land_trans_2	g_land_trans_2
01ee6840	data	.data	g_land_trans_3	g_land_trans_3
01ee7e60	data	.data	g_land_transitions	g_land_transitions
01ee7e6c	data	.data	g_num_land_trans	g_num_land_trans
01ee7e70	data	.data	g_clank_trans_1	g_clank_trans_1
01ee9490	data	.data	g_clank_trans_2	g_clank_trans_2
01eeaab0	data	.data	g_clank_trans_3	g_clank_trans_3
01eec0d0	data	.data	g_clank_transitions	g_clank_transitions
01eec0dc	data	.data	g_num_clank_trans	g_num_clank_trans
01eec0e0	data	.data	g_clank_land_trans_1	g_clank_land_trans_1
01eed700	data	.data	g_clank_land_trans_2	g_clank_land_trans_2
01eeed20	data	.data	g_clank_land_trans_3	g_clank_land_trans_3
01ef0340	data	.data	g_clank_land_transitions	g_clank_land_transitions
01ef034c	data	.data	g_num_clank_land_trans	g_num_clank_land_trans
01ef038c	data	.data	m_bDrawParticlesCountdown	m_bDrawParticlesCountdown
01ef05c8	data	.data	g_bSkyboardInSpace	g_bSkyboardInSpace
01ef05cc	data	.data	g_planetTextAlpha	g_planetTextAlpha
01e68f48	function	.text	MCPTRANS_InitState__Fb	MCPTRANS_InitState(bool)
01e6c158	function	.text	MCPTRANS_Fade_Init__Fv	MCPTRANS_Fade_Init(void)
01e6a1e0	function	.text	MCPTRANS_UpdateStarStreaks__Fv	MCPTRANS_UpdateStarStreaks(void)
01e6c3a0	function	.text	_GLOBAL_$I$MCP_mcptrans.cppRqcaaa	global constructors keyed to MCP_mcptrans.cppRqcaaa
01e7a258	function	.text	PAR_Reset__Fv	PAR_Reset(void)
01e775a0	function	.text	VEC_SetVec3__FP4VEC3fff	VEC_SetVec3(VEC3 *, float, float, float)
01e775c8	function	.text	VEC_MakeMat3x4FromYawPitch__FP7MATRIX4ff	VEC_MakeMat3x4FromYawPitch(MATRIX4 *, float, float)
01e86280	function	.text	sceKernelGetSystemTimeLow__Fv	sceKernelGetSystemTimeLow(void)
01e8dda8	function	.text	LOADER_LoadGdeFile__FP15WAD_FILE_HEADERb	LOADER_LoadGdeFile(WAD_FILE_HEADER *, bool)
01e8d0e0	function	.text	WAD_NextAssetByType__FP15WAD_FILE_HEADER	WAD_NextAssetByType(WAD_FILE_HEADER *)
01e8e648	function	.text	LOAD_CHARACTER_SkinGdeFile__FP15WAD_FILE_HEADERPP14GDE_Header_PS2	LOAD_CHARACTER_SkinGdeFile(WAD_FILE_HEADER *, GDE_Header_PS2 **)
01e86400	function	.text	GDEMESH_GetMesh__FUi	GDEMESH_GetMesh(unsigned int)
01e7c610	function	.text	TEXMGR_LoadTexture__FP15WAD_FILE_HEADER	TEXMGR_LoadTexture(WAD_FILE_HEADER *)
01f69b88	data	.bss	g_ParticleTextureHandlesInternal	g_ParticleTextureHandlesInternal
01e701b8	function	.text	RatchetShipExhaust_RegisterParticleSystem__Fi10DRAW_Layer17DRAW_ColorKeyMode17DRAW_AlphaKeyMode14DRAW_BloomMode14DRAW_BlendMode	RatchetShipExhaust_RegisterParticleSystem(int, DRAW_Layer, DRAW_ColorKeyMode, DRAW_AlphaKeyMode, DRAW_BloomMode, DRAW_BlendMode)
01e74d30	function	.text	GCSPAR_StreckRegisterParticleSystem__FUi	GCSPAR_StreckRegisterParticleSystem(unsigned int)
01e72008	function	.text	ClankTransExhaust_RegisterParticleSystem__Fi10DRAW_Layer17DRAW_ColorKeyMode17DRAW_AlphaKeyMode14DRAW_BloomMode14DRAW_BlendMode	ClankTransExhaust_RegisterParticleSystem(int, DRAW_Layer, DRAW_ColorKeyMode, DRAW_AlphaKeyMode, DRAW_BloomMode, DRAW_BlendMode)
01e73db8	function	.text	SkyboardTransExhaust_RegisterParticleSystem__Fi10DRAW_Layer17DRAW_ColorKeyMode17DRAW_AlphaKeyMode14DRAW_BloomMode14DRAW_BlendMode	SkyboardTransExhaust_RegisterParticleSystem(int, DRAW_Layer, DRAW_ColorKeyMode, DRAW_AlphaKeyMode, DRAW_BloomMode, DRAW_BlendMode)
01e90a48	function	.text	GLOBALWAD_FindSound__FUi	GLOBALWAD_FindSound(unsigned int)
01e778f0	function	.text	VEC_LookAtUpLeft__FP4VEC3T0PC4VEC3	VEC_LookAtUpLeft(VEC3 *, VEC3 *, VEC3 const *)
01e76450	function	.text	VEC_AngleBetweenVectors__FPC4VEC3T0b	VEC_AngleBetweenVectors(VEC3 const *, VEC3 const *, bool)
01e75200	function	.text	GCSPAR_StreckSetDragMotion__FRC4VEC3	GCSPAR_StreckSetDragMotion(VEC3 const &)
01e96f48	function	.text	fptodp	fptodp
01e9d3d0	function	.text	sin	sin
01e964c0	function	.text	dpmul	dpmul
01e96c58	function	.text	dptofp	dptofp
01e96e80	function	.text	fptoui	fptoui
01e77e20	function	.text	VFPU_Slerp__FP4QUATPC4QUATT1f	VFPU_Slerp(QUAT *, QUAT const *, QUAT const *, float)
01e77ea8	function	.text	VFPU_Quat_ConvertToMatrix__FP7MATRIX4PC4QUAT	VFPU_Quat_ConvertToMatrix(MATRIX4 *, QUAT const *)
01e6e3b0	function	.text	RatchetShipExhaust_EmitParticles__FiUiP31RatchetShipExhaust_JointStorageT2f	RatchetShipExhaust_EmitParticles(int, unsigned int, RatchetShipExhaust_JointStorage *, RatchetShipExhaust_JointStorage *, float)
01e70350	function	.text	ClankTransExhaust_EmitParticles__FiUiP30ClankTransExhaust_JointStorageT2	ClankTransExhaust_EmitParticles(int, unsigned int, ClankTransExhaust_JointStorage *, ClankTransExhaust_JointStorage *)
01e721a0	function	.text	SkyboardTransExhaust_EmitParticles__FiUiP33SkyboardTransExhaust_JointStorageT2	SkyboardTransExhaust_EmitParticles(int, unsigned int, SkyboardTransExhaust_JointStorage *, SkyboardTransExhaust_JointStorage *)
01e8a1e0	function	.text	ANIM_SwapJointMatrixBuffers__Fi	ANIM_SwapJointMatrixBuffers(int)
01e82270	function	.text	Translate__Q34scee3Psp3GumPC14ScePspFVector3	scee::Psp::Gum::Translate(ScePspFVector3 const *)
01e82060	function	.text	RotateY__Q34scee3Psp3Gumf	scee::Psp::Gum::RotateY(float)
01e82168	function	.text	RotateZ__Q34scee3Psp3Gumf	scee::Psp::Gum::RotateZ(float)
01e86248	function	.text	UTIL_SetupTextureState__Fv	UTIL_SetupTextureState(void)
01e81998	function	.text	DepthMask__Q34scee3Psp2Gub	scee::Psp::Gu::DepthMask(bool)
01e81948	function	.text	TexOffset__Q34scee3Psp2Guff	scee::Psp::Gu::TexOffset(float, float)
01e81890	function	.text	FlushTexTransform__Q34scee3Psp2Guv	scee::Psp::Gu::FlushTexTransform(void)
01e85820	function	.text	SYSTEM_SetDepthWrite__Fb	SYSTEM_SetDepthWrite(bool)
01e86850	function	.text	GDEMESH_RenderStaticMeshSimple__FP7MATRIX4UiUiUi	GDEMESH_RenderStaticMeshSimple(MATRIX4 *, unsigned int, unsigned int, unsigned int)
01e8a0d0	function	.text	ANIM_Begin__Fv	ANIM_Begin(void)
01e89c70	function	.text	ANIM_SetAllComponentsDefault__FP16GDE_SkeletonInfo	ANIM_SetAllComponentsDefault(GDE_SkeletonInfo *)
01e8a120	function	.text	ANIM_End__Fv	ANIM_End(void)
01e81818	function	.text	Color__Q34scee3Psp2GuUi	scee::Psp::Gu::Color(unsigned int)
01f7aa40	data	.bss	g_pPackedMatrices	g_pPackedMatrices
01e8a2f8	function	.text	SKIN_DrawMesh__FP14GDE_Header_PS2PUiUiibUiffT4fT4	SKIN_DrawMesh(GDE_Header_PS2 *, unsigned int *, unsigned int, int, bool, unsigned int, float, float, bool, float, bool)
01e76fe0	function	.text	VEC_MultiplyMatrix4__FP7MATRIX4PC7MATRIX4T1	VEC_MultiplyMatrix4(MATRIX4 *, MATRIX4 const *, MATRIX4 const *)
01e77810	function	.text	VEC_MakeScaleMat__FP4VEC3N20fff	VEC_MakeScaleMat(VEC3 *, VEC3 *, VEC3 *, float, float, float)
01e77140	function	.text	VEC_MultiplyMatrix4By3__FP7MATRIX4PC7MATRIX4PC7MATRIX3	VEC_MultiplyMatrix4By3(MATRIX4 *, MATRIX4 const *, MATRIX3 const *)
01e86438	function	.text	GDEMESH_RenderTieMeshImmediate__FP7MATRIX4PC14GDE_Header_PS2UcUibN24	GDEMESH_RenderTieMeshImmediate(MATRIX4 *, GDE_Header_PS2 const *, unsigned char, unsigned int, bool, bool, bool)
01e77448	function	.text	VEC_MulMat4Vec3__FP4VEC3PC7MATRIX4PC4VEC3	VEC_MulMat4Vec3(VEC3 *, MATRIX4 const *, VEC3 const *)
01e7cef8	function	.text	TEXMGR_GetWidth__FUi	TEXMGR_GetWidth(unsigned int)
01e7cf28	function	.text	TEXMGR_GetHeight__FUi	TEXMGR_GetHeight(unsigned int)
01e81810	function	.text	Material__Q34scee3Psp2GuUiUi	scee::Psp::Gu::Material(unsigned int, unsigned int)
01e85e78	function	.text	UTIL_Draw3DTexturedQuad__FP4VEC3P4VEC2T0T1T0T1T0T1Ui	UTIL_Draw3DTexturedQuad(VEC3 *, VEC2 *, VEC3 *, VEC2 *, VEC3 *, VEC2 *, VEC3 *, VEC2 *, unsigned int)
01e77740	function	.text	VEC_MakeMatFromYawPitchRoll__FP4VEC3N20fff	VEC_MakeMatFromYawPitchRoll(VEC3 *, VEC3 *, VEC3 *, float, float, float)
01e819a0	function	.text	BlendFunc__Q34scee3Psp2GuQ44scee3Psp2Gu15EBlendOperationQ44scee3Psp2Gu14EBlendFunctionT2UiUi	scee::Psp::Gu::BlendFunc(scee::Psp::Gu::EBlendOperation, scee::Psp::Gu::EBlendFunction, scee::Psp::Gu::EBlendFunction, unsigned int, unsigned int)
01e81970	function	.text	ColorFunc__Q34scee3Psp2GuQ44scee3Psp2Gu13ETestFunctionUiUi	scee::Psp::Gu::ColorFunc(scee::Psp::Gu::ETestFunction, unsigned int, unsigned int)
01e81868	function	.text	TexWrap__Q34scee3Psp2GuQ44scee3Psp2Gu16ETextureWrapModeT1	scee::Psp::Gu::TexWrap(scee::Psp::Gu::ETextureWrapMode, scee::Psp::Gu::ETextureWrapMode)
01e8b168	function	.text	HUDOFFSET_GetOffset__FUi	HUDOFFSET_GetOffset(unsigned int)
01e8a178	function	.text	ANIM_GetBoneMatrix__FUib	ANIM_GetBoneMatrix(unsigned int, bool)
01e74d90	function	.text	EmitParticles__FiPC23GCSPAR_StreckBoxEmitteriff	EmitParticles(int, GCSPAR_StreckBoxEmitter const *, int, float, float)
01e91030	function	.text	SND_MCPShutdown__Fv	SND_MCPShutdown(void)
01e6cd30	function	.text	MCPTRANS_SHRINK_StartSound__Fv	MCPTRANS_SHRINK_StartSound(void)
01e6ce20	function	.text	_GLOBAL_$I$MCP_mcptrans_shrink.cppxlcaaa	global constructors keyed to MCP_mcptrans_shrink.cppxlcaaa
01e75658	function	.text	ShrinkBeam_RegisterSystems__Fv	ShrinkBeam_RegisterSystems(void)
01e76268	function	.text	SpiralSphere_Start__FP12Spiral_GroupPC4VEC3T1UifT1i	SpiralSphere_Start(Spiral_Group *, VEC3 const *, VEC3 const *, unsigned int, float, VEC3 const *, int)
01e755d8	function	.text	Spiral_Stop__FP12Spiral_Group	Spiral_Stop(Spiral_Group *)
01e81990	function	.text	DepthFunc__Q34scee3Psp2GuQ44scee3Psp2Gu13ETestFunction	scee::Psp::Gu::DepthFunc(scee::Psp::Gu::ETestFunction)
01e81980	function	.text	StencilFunc__Q34scee3Psp2GuQ44scee3Psp2Gu13ETestFunctionUcUc	scee::Psp::Gu::StencilFunc(scee::Psp::Gu::ETestFunction, unsigned char, unsigned char)
01e81988	function	.text	StencilOp__Q34scee3Psp2GuQ44scee3Psp2Gu17EStencilOperationN21	scee::Psp::Gu::StencilOp(scee::Psp::Gu::EStencilOperation, scee::Psp::Gu::EStencilOperation, scee::Psp::Gu::EStencilOperation)
01e81978	function	.text	AlphaFunc__Q34scee3Psp2GuQ44scee3Psp2Gu13ETestFunctionUcUc	scee::Psp::Gu::AlphaFunc(scee::Psp::Gu::ETestFunction, unsigned char, unsigned char)
01e81808	function	.text	ColorMaterial__Q34scee3Psp2GuUi	scee::Psp::Gu::ColorMaterial(unsigned int)
01e819a8	function	.text	SetMatrix__Q34scee3Psp2GuQ44scee3Psp2Gu11EMatrixTypePC14ScePspFMatrix4	scee::Psp::Gu::SetMatrix(scee::Psp::Gu::EMatrixType, ScePspFMatrix4 const *)
01e6d598	function	.text	MCPTRANS_FALL_SpeckEmitterUpdate__Fv	MCPTRANS_FALL_SpeckEmitterUpdate(void)
01e6d760	function	.text	MCPTRANS_FALL_StartSound__Fv	MCPTRANS_FALL_StartSound(void)
01e6d850	function	.text	_GLOBAL_$I$MCP_mcptrans_fall.cpprQcaaa	global constructors keyed to MCP_mcptrans_fall.cpprQcaaa
01e83da0	function	.text	SYSTEM_SetClearColor__FUi	SYSTEM_SetClearColor(unsigned int)
01e81f58	function	.text	RotateX__Q34scee3Psp3Gumf	scee::Psp::Gum::RotateX(float)
01e6e008	function	.text	MCPTRANS_DREAM_SpeckEmitterUpdate__Fv	MCPTRANS_DREAM_SpeckEmitterUpdate(void)
01e6e1d0	function	.text	MCPTRANS_DREAM_StartSound__Fv	MCPTRANS_DREAM_StartSound(void)
01e6e2c0	function	.text	_GLOBAL_$I$MCP_mcptrans_dream.cppvacaaa	global constructors keyed to MCP_mcptrans_dream.cppvacaaa
01ef0870	data	.data	EngineParts	EngineParts
01e6e680	function	.text	RatchetShipExhaust_EmitParticles__FiUiUiP31RatchetShipExhaust_JointStoragef	RatchetShipExhaust_EmitParticles(int, unsigned int, unsigned int, RatchetShipExhaust_JointStorage *, float)
01e6e748	function	.text	RatchetShipExhaust_EmitParticles__FiUiUifff	RatchetShipExhaust_EmitParticles(int, unsigned int, unsigned int, float, float, float)
01e70260	function	.text	_GLOBAL_$I$particles_RatchetShipExhaust.cppcYbaaa	global constructors keyed to particles_RatchetShipExhaust.cppcYbaaa
01e773a0	function	.text	VEC_MulMat4Vec3ZeroW__FP4VEC3PC7MATRIX4PC4VEC3	VEC_MulMat4Vec3ZeroW(VEC3 *, MATRIX4 const *, VEC3 const *)
01e7b030	function	.text	PAR_Emit__FPiii	PAR_Emit(int *, int, int)
01e7a590	function	.text	PAR_CreateSystemInternal__FP10PAR_SystemUiPFPviPC9PAR_GroupPC29PAR_UpdateAndTesselateContext_iiiiPFP9PAR_Group_v	PAR_CreateSystemInternal(PAR_System *, unsigned int, int (*)(void *, int, PAR_Group const *, PAR_UpdateAndTesselateContext const *), int, int, int, void (*)(PAR_Group *))
01e7a768	function	.text	PAR_RegisterSystem__FPC10PAR_System	PAR_RegisterSystem(PAR_System const *)
01e70600	function	.text	ClankTransExhaust_EmitParticles__FiUiUiP30ClankTransExhaust_JointStorage	ClankTransExhaust_EmitParticles(int, unsigned int, unsigned int, ClankTransExhaust_JointStorage *)
01e706b8	function	.text	ClankTransExhaust_EmitParticles__FiUiUiff	ClankTransExhaust_EmitParticles(int, unsigned int, unsigned int, float, float)
01e720b0	function	.text	_GLOBAL_$I$particles_ClankTransExhaust.cppjScaaa	global constructors keyed to particles_ClankTransExhaust.cppjScaaa
01e72450	function	.text	SkyboardTransExhaust_EmitParticles__FiUiUiP33SkyboardTransExhaust_JointStorage	SkyboardTransExhaust_EmitParticles(int, unsigned int, unsigned int, SkyboardTransExhaust_JointStorage *)
01e72508	function	.text	SkyboardTransExhaust_EmitParticles__FiUiUiff	SkyboardTransExhaust_EmitParticles(int, unsigned int, unsigned int, float, float)
01e73e60	function	.text	_GLOBAL_$I$particles_SkyboardTransExhaust.cppB0caaa	global constructors keyed to particles_SkyboardTransExhaust.cppB0caaa
01e75260	function	.text	_GLOBAL_$I$particles_GCS_STrek.cppZ5aaaa	global constructors keyed to particles_GCS_STrek.cppZ5aaaa
01e77500	function	.text	VEC_MulMat4Vec3__FP4VEC3PC8MATRIX43PC4VEC3	VEC_MulMat4Vec3(VEC3 *, MATRIX43 const *, VEC3 const *)
01e75308	function	.text	RIBBON_ClearInactiveJoints__FP20PAR_ParticleIteratorPC9PAR_Groupii	RIBBON_ClearInactiveJoints(PAR_ParticleIterator *, PAR_Group const *, int, int)
01e75488	function	.text	_GLOBAL_$I$particles_Ribbon.cppnTcaaa	global constructors keyed to particles_Ribbon.cppnTcaaa
01e7ae80	function	.text	PAR_CreateGroup__FP9PAR_Groupi13PAR_BlockMode	PAR_CreateGroup(PAR_Group *, int, PAR_BlockMode)
01e7b068	function	.text	PAR_Emit__FPiP9PAR_Groupi	PAR_Emit(int *, PAR_Group *, int)
01e754a8	function	.text	Spiral_CreateGroup__FP12Spiral_Groupi	Spiral_CreateGroup(Spiral_Group *, int)
01e754c8	function	.text	Spiral_EmitJoint__FP12Spiral_GroupPC12Spiral_Pointb	Spiral_EmitJoint(Spiral_Group *, Spiral_Point const *, bool)
01e75638	function	.text	_GLOBAL_$I$particles_Spiral.cppjdbaaa	global constructors keyed to particles_Spiral.cppjdbaaa
01f1e6e8	data	.rodata	G_UpVector	G_UpVector
01e76e48	function	.text	VEC_MultiplyMatrix3__FP7MATRIX3PC7MATRIX3T1	VEC_MultiplyMatrix3(MATRIX3 *, MATRIX3 const *, MATRIX3 const *)
01e772f8	function	.text	VEC_MulMat3Vec3__FP4VEC3PC7MATRIX3PC4VEC3	VEC_MulMat3Vec3(VEC3 *, MATRIX3 const *, VEC3 const *)
01e7aff8	function	.text	PAR_DestroyGroup__FP9PAR_Group	PAR_DestroyGroup(PAR_Group *)
01e761f8	function	.text	SpiralSphere_RegisterSystem__F10DRAW_Layeri15DRAW_ZWriteMode17DRAW_ColorKeyMode14DRAW_BloomMode14DRAW_BlendMode	SpiralSphere_RegisterSystem(DRAW_Layer, int, DRAW_ZWriteMode, DRAW_ColorKeyMode, DRAW_BloomMode, DRAW_BlendMode)
01e76430	function	.text	_GLOBAL_$I$mobys_ShrinkBeam_ShrinkBeam.cppoQaaaa	global constructors keyed to mobys_ShrinkBeam_ShrinkBeam.cppoQaaaa
01f1e6a8	data	.rodata	g_identityMatrix43	g_identityMatrix43
01f1e6d8	data	.rodata	g_zeroVec3	g_zeroVec3
01e765d8	function	.text	VEC_ConstructRotZMat3__FP7MATRIX3f	VEC_ConstructRotZMat3(MATRIX3 *, float)
01e76670	function	.text	VEC_InverseMat4__FP7MATRIX4PC7MATRIX4	VEC_InverseMat4(MATRIX4 *, MATRIX4 const *)
01e77688	function	.text	VEC_MakeMat3FromYawPitch__FP7MATRIX3ff	VEC_MakeMat3FromYawPitch(MATRIX3 *, float, float)
01e77f00	function	.text	Quat_ConvertToMatrixInternal__H1Z7MATRIX4_PX01PC4QUAT_v	void Quat_ConvertToMatrixInternal<MATRIX4>(MATRIX4 *, QUAT const *)
01e77ff0	function	.text	_GLOBAL_$I$SHARED_Math_quat.cppsFcaaa	global constructors keyed to SHARED_Math_quat.cppsFcaaa
01e969e8	function	.text	dpcmp	dpcmp
01e96458	function	.text	dpsub	dpsub
01ef0d7c	data	.data	g_draw_applyView	g_draw_applyView
01f1e778	data	.rodata	g_draw_vertSize	g_draw_vertSize
01f1e7a0	data	.rodata	g_draw_vertAlign	g_draw_vertAlign
01e78010	function	.text	DRAW_Reset__Fv	DRAW_Reset(void)
01f69578	data	.bss	g_draw_endMesh	g_draw_endMesh
01e78540	function	.text	DRAW_AllocNextMesh__FPviUiiiPC16DRAW_ExtMaterialUi	DRAW_AllocNextMesh(void *, int, unsigned int, int, int, DRAW_ExtMaterial const *, unsigned int)
01f69570	data	.bss	g_draw_currentMesh	g_draw_currentMesh
01f69568	data	.bss	g_draw_vertSpace	g_draw_vertSpace
01f69560	data	.bss	g_draw_vertTail	g_draw_vertTail
01f695a0	data	.bss	g_draw_preRenderContextTail	g_draw_preRenderContextTail
01f69598	data	.bss	g_draw_preRenderContextSpace	g_draw_preRenderContextSpace
01f69580	data	.bss	g_draw_currentMaterial	g_draw_currentMaterial
01e78ef8	function	.text	DRAW_GetRenderContext__FUib	DRAW_GetRenderContext(unsigned int, bool)
01e78f20	function	.text	DRAW_GetTextureSize__FPiT0i	DRAW_GetTextureSize(int *, int *, int)
01f69588	data	.bss	g_draw_currentSortDepth	g_draw_currentSortDepth
01f69590	data	.bss	g_draw_currentVertPerPrim	g_draw_currentVertPerPrim
01e7a238	function	.text	_GLOBAL_$I$ENGINE_draw.cppBZbaaa	global constructors keyed to ENGINE_draw.cppBZbaaa
01e8c540	function	.text	MEM_malloc_uncached__FUi12MEMAssetTypePcUi	MEM_malloc_uncached(unsigned int, MEMAssetType, char *, unsigned int)
01e8c588	function	.text	MEM_memalign__FUiUi12MEMAssetTypePcUi	MEM_memalign(unsigned int, unsigned int, MEMAssetType, char *, unsigned int)
01e84db8	function	.text	SYSTEM_BuildMatrixUploadCallList__FP6QWdata15PS2_MATRIX_SLOTPC8MATRIX43b	SYSTEM_BuildMatrixUploadCallList(QWdata *, PS2_MATRIX_SLOT, MATRIX43 const *, bool)
01e84d00	function	.text	SYSTEM_BuildUploadVecs__FP6QWdataUiP4VEC4Ui	SYSTEM_BuildUploadVecs(QWdata *, unsigned int, VEC4 *, unsigned int)
01e93850	function	.text	VRAM_GetViewport__FPiN30	VRAM_GetViewport(int *, int *, int *, int *)
01e93818	function	.text	VRAM_GetOffset__FPiT0	VRAM_GetOffset(int *, int *)
01e853a8	function	.text	SYSTEM_SetAlphaTestMode__FbUcUi	SYSTEM_SetAlphaTestMode(bool, unsigned char, unsigned int)
01e93568	function	.text	VRAM_RenderTo__FP12RenderTargetUi	VRAM_RenderTo(RenderTarget *, unsigned int)
01e851d0	function	.text	SYSTEM_ActivateMicrocode__F13PS2_MICROCODE	SYSTEM_ActivateMicrocode(PS2_MICROCODE)
01ef5740	data	.data	scissor_giftag_textured_unfogged	scissor_giftag_textured_unfogged
01e7b110	function	.text	PAR_UnitDestroy__FPv	PAR_UnitDestroy(void *)
01e7aed8	function	.text	PAR_ClearGroup__FP9PAR_Group	PAR_ClearGroup(PAR_Group *)
01ef0d9c	data	.data	g_TexturesLoaded	g_TexturesLoaded
01e7be90	function	.text	_GLOBAL_$I$ENGINE_particle.cppsJcaaa	global constructors keyed to ENGINE_particle.cppsJcaaa
01e8d118	function	.text	WAD_FindAssetsByType__F14WAD_ASSET_TYPEP10WAD_HEADER	WAD_FindAssetsByType(WAD_ASSET_TYPE, WAD_HEADER *)
01ef5d14	data	.data	g_pLevelWadData	g_pLevelWadData
01ef0db0	data	.data	GreyTexture_Size	GreyTexture_Size
01ef0dc0	data	.data	GreyTexture_Data	GreyTexture_Data
01ef1024	data	.data	g_TEXMGR_DefaultTexture	g_TEXMGR_DefaultTexture
01ef1028	data	.data	g_TEXMGR_GreyTexture	g_TEXMGR_GreyTexture
01ef1034	data	.data	g_bDoubleTextures	g_bDoubleTextures
01ef1038	data	.data	g_TEXMGR_NextTexture	g_TEXMGR_NextTexture
01f69eb8	data	.bss	g_Textures	g_Textures
01e7bfc0	function	.text	TEXMGR_SetActiveTextureFromRenderTarget__FP12RenderTargetb	TEXMGR_SetActiveTextureFromRenderTarget(RenderTarget *, bool)
01e7d1e0	function	.text	float_to_k__Ff	float_to_k(float)
01e7cf58	function	.text	image_upload__FP13DLIB_DISPLISTP10PS2Textureii	image_upload(DLIB_DISPLIST *, PS2Texture *, int, int)
01e7c6d0	function	.text	TEXMGR_SetColorIndexWithColorTo__FP13SceGimPictureUiUiP29tTEXMGR_ALPHA_COLOR_TOLERANCE	TEXMGR_SetColorIndexWithColorTo(SceGimPicture *, unsigned int, unsigned int, tTEXMGR_ALPHA_COLOR_TOLERANCE *)
01e7c830	function	.text	TEXMGR_SwizzleTexture__FP13SceGimPicture	TEXMGR_SwizzleTexture(SceGimPicture *)
01e93330	function	.text	VRAM_Alloc__FUi12MEMAssetType	VRAM_Alloc(unsigned int, MEMAssetType)
01ed5718	function	.text	sceOpen	sceOpen
01ed5b20	function	.text	sceLseek	sceLseek
01ed5d60	function	.text	sceRead	sceRead
01ed59a8	function	.text	sceClose	sceClose
01e81548	function	.text	sceGimPictureLoadFile__FP13SceGimPicturePCvii	sceGimPictureLoadFile(SceGimPicture *, void const *, int, int)
01e815f0	function	.text	sceGimPictureGetImage__FP13SceGimPicture	sceGimPictureGetImage(SceGimPicture *)
01e81620	function	.text	sceGimPictureGetImagePixels__FP13SceGimPictureii	sceGimPictureGetImagePixels(SceGimPicture *, int, int)
01e81690	function	.text	sceGimPictureGetPalettePixels__FP13SceGimPictureii	sceGimPictureGetPalettePixels(SceGimPicture *, int, int)
01e8b328	function	.text	UTIL_32bitStringHash__FPCc	UTIL_32bitStringHash(char const *)
01e81608	function	.text	sceGimPictureGetPalette__FP13SceGimPicture	sceGimPictureGetPalette(SceGimPicture *)
01e8c510	function	.text	MEM_AddAssetUsage__F12MEMAssetTypeUi	MEM_AddAssetUsage(MEMAssetType, unsigned int)
01ef1044	data	.data	VignetteTexture_Size	VignetteTexture_Size
01ef1048	data	.data	g_VignetteHandle	g_VignetteHandle
01ef1060	data	.data	g_RENDEREFFECT_SWIRLY_InvFalloff	g_RENDEREFFECT_SWIRLY_InvFalloff
01f70ae0	data	.bss	g_Fog	g_Fog
01ef10a4	data	.data	bloomColorVal	bloomColorVal
01ef10a8	data	.data	bloomCompositeColor	bloomCompositeColor
01ef10ac	data	.data	halfOffset	halfOffset
01ef10b0	data	.data	halfOffset2	halfOffset2
01ef10b8	data	.data	g_bDoBloom	g_bDoBloom
01e7d6d8	function	.text	BLOOM_Downsample__FP12RenderTargetT0	BLOOM_Downsample(RenderTarget *, RenderTarget *)
01ef10bc	data	.data	g_UpscaleAlpha	g_UpscaleAlpha
01ef10c0	data	.data	upsampleXOff	upsampleXOff
01e7d960	function	.text	BLOOM_Upsample__FP12RenderTargetT0Ui	BLOOM_Upsample(RenderTarget *, RenderTarget *, unsigned int)
01ef10c8	data	.data	blurHalfOffset	blurHalfOffset
01e7db20	function	.text	BLOOM_BlurHV__FP12RenderTargetUi	BLOOM_BlurHV(RenderTarget *, unsigned int)
01e7dec0	function	.text	DrawRenderTarget__FUiUiP12RenderTarget	DrawRenderTarget(unsigned int, unsigned int, RenderTarget *)
01ef10cc	data	.data	g_bShowBloom	g_bShowBloom
01ef10cd	data	.data	g_bBloomDoTexFlush	g_bBloomDoTexFlush
01ef10d4	data	.data	g_HDR_SubColor	g_HDR_SubColor
01ef10d8	data	.data	g_HDR_AccumColor	g_HDR_AccumColor
01ef10dc	data	.data	g_HDR_UpscaleAlpha	g_HDR_UpscaleAlpha
01ef10e0	data	.data	g_HDR_showbuf	g_HDR_showbuf
01ef1100	data	.data	VignetteTexture_Data	VignetteTexture_Data
01e7f500	function	.text	DrawReferencedStripData__FUiP13WAVY_VERT_PS2	DrawReferencedStripData(unsigned int, WAVY_VERT_PS2 *)
01e80478	function	.text	GenerateNewPube__FP4PUBEUiUif	GenerateNewPube(PUBE *, unsigned int, unsigned int, float)
01e80730	function	.text	JigglePube__FP4PUBE	JigglePube(PUBE *)
01e809b0	function	.text	DrawPube__FP4PUBE	DrawPube(PUBE *)
01e809d8	function	.text	DrawVLINE__FP6VLINES	DrawVLINE(VLINES *)
01f74960	data	.bss	g_PUBES	g_PUBES
01f75310	data	.bss	g_VLINES	g_VLINES
01f75120	data	.bss	g_MONSTERPUBE	g_MONSTERPUBE
01e81298	function	.text	_GLOBAL_$I$ENGINE_rendereffect.cppO5aaaa	global constructors keyed to ENGINE_rendereffect.cppO5aaaa
01e937e0	function	.text	VRAM_RenderFrom__FP12RenderTargetb	VRAM_RenderFrom(RenderTarget *, bool)
01e859d0	function	.text	SYSTEM_SetBlendEnabled__Fb	SYSTEM_SetBlendEnabled(bool)
01e85910	function	.text	SYSTEM_SetBloomWrite__Fb	SYSTEM_SetBloomWrite(bool)
01e859e8	function	.text	Draw2DLineStrip__FP4VEC3UiUi	Draw2DLineStrip(VEC3 *, unsigned int, unsigned int)
01e8b8e8	function	.text	UTIL_Draw2DLine__FP4VEC3UiUi	UTIL_Draw2DLine(VEC3 *, unsigned int, unsigned int)
01e812b8	function	.text	sceGimPictureCheckFileHeader__FPCvi	sceGimPictureCheckFileHeader(void const *, int)
01e81348	function	.text	sceGimPictureGetRootChunk__FPCvi	sceGimPictureGetRootChunk(void const *, int)
01e81310	function	.text	sceGimPictureGetChunk__FPCvii	sceGimPictureGetChunk(void const *, int, int)
01e81368	function	.text	sceGimPictureFindChildChunk__FPC11SceGimChunkii	sceGimPictureFindChildChunk(SceGimChunk const *, int, int)
01e813d8	function	.text	sceGimPictureReconfigure__FP13SceGimPicture	sceGimPictureReconfigure(SceGimPicture *)
01e813e0	function	.text	sceGimPictureLoad__FP13SceGimPicturePC11SceGimChunk	sceGimPictureLoad(SceGimPicture *, SceGimChunk const *)
01ef5668	data	.data	_Q34scee3Psp2Gu$g_CurColorHack	scee::Psp::Gu::g_CurColorHack
01e81790	function	.text	ClearStencil__Q34scee3Psp2GuUc	scee::Psp::Gu::ClearStencil(unsigned char)
01e817b8	function	.text	DepthRange__Q34scee3Psp2GuUsUs	scee::Psp::Gu::DepthRange(unsigned short, unsigned short)
01e81968	function	.text	Scissor__Q34scee3Psp2GuUsUsUsUs	scee::Psp::Gu::Scissor(unsigned short, unsigned short, unsigned short, unsigned short)
01e84bc0	function	.text	SYSTEM_UploadMatrix__F15PS2_MATRIX_SLOTP7MATRIX4	SYSTEM_UploadMatrix(PS2_MATRIX_SLOT, MATRIX4 *)
01f77900	data	.bss	_Q34scee3Psp3Gum$s_context	scee::Psp::Gum::s_context
01e85120	function	.text	SYSTEM_ScreenMatrixIsDirty__Fv	SYSTEM_ScreenMatrixIsDirty(void)
01e85070	function	.text	SYSTEM_ThroughmodeMatrixIsDirty__Fv	SYSTEM_ThroughmodeMatrixIsDirty(void)
01ef5701	data	.data	g_SYSTEM_BlendEnabled	g_SYSTEM_BlendEnabled
01ef571c	data	.data	g_videoFormat	g_videoFormat
01ef5730	data	.data	scissor_giftag_textured	scissor_giftag_textured
01ef5750	data	.data	MICROCODE_TABLE	MICROCODE_TABLE
01ef57ac	data	.data	G_buffer_cache_size	G_buffer_cache_size
01ef57b0	data	.data	G_buffer_cache_ptr	G_buffer_cache_ptr
01e82ed0	function	.text	AdjustDLISTSize__FUiPP6QWdataPUi	AdjustDLISTSize(unsigned int, QWdata **, unsigned int *)
01e847a0	function	.text	customGsSyncPath__FiUs	customGsSyncPath(int, unsigned short)
01e82fc0	function	.text	UpdateBufferCacheState__Fv	UpdateBufferCacheState(void)
01e830e8	function	.text	SYSTEM_InitGSSettings__FP12RenderTargetT0bUiT2	SYSTEM_InitGSSettings(RenderTarget *, RenderTarget *, bool, unsigned int, bool)
01e83db0	function	.text	VsyncIntHand__Fi	VsyncIntHand(int)
01e83dd8	function	.text	sceDisplayGetVcount__Fv	sceDisplayGetVcount(void)
01e83de8	function	.text	sceDisplayWaitVblankStart__Fv	sceDisplayWaitVblankStart(void)
01e83e30	function	.text	SYSTEM_LoadIOPModule__FPc	SYSTEM_LoadIOPModule(char *)
01e84050	function	.text	UTIL_GS_WRITE_FIFO__FP11DLIB_GIFTAG	UTIL_GS_WRITE_FIFO(DLIB_GIFTAG *)
01f78dc0	data	.bss	g_LastDListSize	g_LastDListSize
01ef57c8	data	.data	MatrixAddresses	MatrixAddresses
01f78bc8	data	.bss	g_STATE	g_STATE
01e85680	function	.text	SYSTEM_RefreshTestAndZStates__Fv	SYSTEM_RefreshTestAndZStates(void)
01e86230	function	.text	Signal__Q34scee3Psp2GuUs	scee::Psp::Gu::Signal(unsigned short)
01e86320	function	.text	sceKernelGetSystemTimeWide__Fv	sceKernelGetSystemTimeWide(void)
01e863e0	function	.text	_GLOBAL_$I$ENGINE_UTIL_PS2System.cpp8ucaaa	global constructors keyed to ENGINE_UTIL_PS2System.cpp8ucaaa
01fd3370	data	.bss	g_dlibBufferSize	g_dlibBufferSize
01ef6a40	data	.data	g_dlibBuffer	g_dlibBuffer
01e939c0	function	.text	dlib_displist_init__FP13DLIB_DISPLISTP6QWdataUi	dlib_displist_init(DLIB_DISPLIST *, QWdata *, unsigned int)
01e93c88	function	.text	dlib_displist_clear__FP13DLIB_DISPLIST	dlib_displist_clear(DLIB_DISPLIST *)
01e9bf78	function	.text	sceGsResetGraph	sceGsResetGraph
01e9c200	function	.text	sceGsSetDefDBuff	sceGsSetDefDBuff
01e9c118	function	.text	sceGsPutDrawEnv	sceGsPutDrawEnv
01e95dd8	function	.text	exit	exit
01ed87b8	function	.text	sceSifLoadModule	sceSifLoadModule
01ed7d88	function	.text	sceSifInitIopHeap	sceSifInitIopHeap
01ec5728	function	.text	sceSdRemoteInit	sceSdRemoteInit
01e8c440	function	.text	MEM_InitializeMemory__Fv	MEM_InitializeMemory(void)
01e933e8	function	.text	VRAM_Initialize__Fv	VRAM_Initialize(void)
01ed0940	function	.text	AddIntcHandler	AddIntcHandler
01ed16d0	function	.text	EnableIntc	EnableIntc
01e95f90	function	.text	__muldi3	__muldi3
01e8c280	function	.text	STAT_CPU_DONE__Fv	STAT_CPU_DONE(void)
01e8c370	function	.text	STAT_EndFrame__Fv	STAT_EndFrame(void)
01e8c2d0	function	.text	STAT_GPU_DONE__FUi	STAT_GPU_DONE(unsigned int)
01e93500	function	.text	VRAM_SwapFrameBuffers__Fb	VRAM_SwapFrameBuffers(bool)
01e8c340	function	.text	STAT_BeginFrame__Fv	STAT_BeginFrame(void)
01e95ef8	function	.text	__floatdidf	__floatdidf
01e96400	function	.text	dpadd	dpadd
01e96768	function	.text	dpdiv	dpdiv
01e95e08	function	.text	__fixunsdfdi	__fixunsdfdi
01ef5818	data	.data	gENG_nResources	gENG_nResources
01f78de0	data	.bss	gENG_InstanceResources	gENG_InstanceResources
01e86e78	function	.text	GDEMESH_GetFreeMeshResourceHandle__Fv	GDEMESH_GetFreeMeshResourceHandle(void)
01e86ee0	function	.text	_GLOBAL_$I$ENGINE_gdemesh.cppyBcaaa	global constructors keyed to ENGINE_gdemesh.cppyBcaaa
01e870e0	function	.text	LIGHT_SetupLightsNearPoint__FPC4VEC314LIGHTING_MODELUiPC9NodeLight	LIGHT_SetupLightsNearPoint(VEC3 const *, LIGHTING_MODEL, unsigned int, NodeLight const *)
01e8aad8	function	.text	MATERIAL_Activate__FPC12Material_PS2UiUib	MATERIAL_Activate(Material_PS2 const *, unsigned int, unsigned int, bool)
01e870a8	function	.text	LIGHT_SetAmbient__FUi	LIGHT_SetAmbient(unsigned int)
01ef58bc	data	.data	g_LIGHT_MeshScaleValue	g_LIGHT_MeshScaleValue
01e86f68	function	.text	_GLOBAL_$I$ENGINE_alphasort.cppYGcaaa	global constructors keyed to ENGINE_alphasort.cppYGcaaa
01ef5864	data	.data	g_LIGHT_Ambient	g_LIGHT_Ambient
01ef586c	data	.data	G_ShadowBlobHandle	G_ShadowBlobHandle
01ef5870	data	.data	G_nDynamicPointLights	G_nDynamicPointLights
01ef5874	data	.data	G_nDynamicDirectionalLights	G_nDynamicDirectionalLights
01ef5878	data	.data	G_nDynamicSpotLights	G_nDynamicSpotLights
01ef587c	data	.data	g_pLightTransform	g_pLightTransform
01ef58ac	data	.data	g_LIGHTPacketBuffer	g_LIGHTPacketBuffer
01ef58b0	data	.data	g_LIGHTPacketPtr	g_LIGHTPacketPtr
01ef58b4	data	.data	g_LIGHTPacketBufferSpaceLeft	g_LIGHTPacketBufferSpaceLeft
01f7a810	data	.bss	g_LIGHTcntTag	g_LIGHTcntTag
01f793d0	data	.bss	g_DynamicPointLights	g_DynamicPointLights
01e88968	function	.text	LIGHT_SetupLightsNearPoint__FPC4VEC314LIGHTING_MODELUiPC9NodeLightUiPC16DirectionalLightUiPC10PointLight	LIGHT_SetupLightsNearPoint(VEC3 const *, LIGHTING_MODEL, unsigned int, NodeLight const *, unsigned int, DirectionalLight const *, unsigned int, PointLight const *)
01e87120	function	.text	LIGHT_SetupLightsNearPoint__FPUiUiPC4VEC314LIGHTING_MODELUiPC9NodeLightUiPC16DirectionalLightUiPC10PointLight	LIGHT_SetupLightsNearPoint(unsigned int *, unsigned int, VEC3 const *, LIGHTING_MODEL, unsigned int, NodeLight const *, unsigned int, DirectionalLight const *, unsigned int, PointLight const *)
01e88a50	function	.text	_GLOBAL_$I$ENGINE_light.cppSacaaa	global constructors keyed to ENGINE_light.cppSacaaa
01e8dd80	function	.text	LOADER_LoadTexture__FUi14WAD_ASSET_TYPE	LOADER_LoadTexture(unsigned int, WAD_ASSET_TYPE)
01ef5910	data	.data	g_CurrentDynamicColor	g_CurrentDynamicColor
01ef5914	data	.data	g_CurrentAmbientColor	g_CurrentAmbientColor
01ef58c8	data	.data	g_pCurrentClipPlanes	g_pCurrentClipPlanes
01f7a840	data	.bss	g_viewMat	g_viewMat
01f7a900	data	.bss	g_WorldClipPlanes	g_WorldClipPlanes
01e89860	function	.text	_GLOBAL_$I$ENGINE_DeferredRender.cpppscaaa	global constructors keyed to ENGINE_DeferredRender.cpppscaaa
01ef58e4	data	.data	boneWorldMatrix	boneWorldMatrix
01f7aa90	data	.bss	g_anim_boneWorldMatrixBuffer	g_anim_boneWorldMatrixBuffer
01ef58ec	data	.data	g_JointBufferSpaceUsedMax	g_JointBufferSpaceUsedMax
01ef58f0	data	.data	g_JointBufferSpaceUsed	g_JointBufferSpaceUsed
01ef58f4	data	.data	g_JointMatrixActiveBuffer	g_JointMatrixActiveBuffer
01ef58f8	data	.data	g_JointMatrixBufferSize	g_JointMatrixBufferSize
01ef58fc	data	.data	g_animLODLevel	g_animLODLevel
01f7ca90	data	.bss	boneComponents	boneComponents
01f7e294	data	.bss	g_pSkeletonInfo	g_pSkeletonInfo
01f7aa50	data	.bss	boneWorldMatrixIdent	boneWorldMatrixIdent
01f7e290	data	.bss	g_animSkeletonID	g_animSkeletonID
01f7e2b0	data	.bss	profNumSingleCltrs	profNumSingleCltrs
01f7e2b8	data	.bss	profNumCacheCltrs	profNumCacheCltrs
01f7e2b4	data	.bss	profNumSeekCltrs	profNumSeekCltrs
01f7e2ac	data	.bss	profNumSeeks	profNumSeeks
01f7e2a8	data	.bss	profNumBonesAnimated	profNumBonesAnimated
01e89cb0	function	.text	ANIM_CreateOutputMatrices__FP16GDE_SkeletonInfoP18GDE_BoneComponents	ANIM_CreateOutputMatrices(GDE_SkeletonInfo *, GDE_BoneComponents *)
01e8a228	function	.text	ANIM_AllocJointMatrices	ANIM_AllocJointMatrices
01e8a2d8	function	.text	_GLOBAL_$I$ENGINE_animation.cppw1caaa	global constructors keyed to ENGINE_animation.cppw1caaa
01e8a960	function	.text	_GLOBAL_$I$ENGINE_skinmesh.cppXIcaaa	global constructors keyed to ENGINE_skinmesh.cppXIcaaa
01ef591a	data	.data	g_MATERIAL_bIgnoreMatBloom	g_MATERIAL_bIgnoreMatBloom
01e8a998	function	.text	MATERIAL_RegisterForUpdate__FP12Material_PS2	MATERIAL_RegisterForUpdate(Material_PS2 *)
01e8b0d0	function	.text	_GLOBAL_$I$ENGINE_material.cppNscaaa	global constructors keyed to ENGINE_material.cppNscaaa
01e8b140	function	.text	_GLOBAL_$I$HUD_hudQueuedPrompter.cppgPcaaa	global constructors keyed to HUD_hudQueuedPrompter.cppgPcaaa
01ef5938	data	.data	sg_HudOffsetData	sg_HudOffsetData
01ef5c08	data	.data	ascii_special	ascii_special
01e8b1a0	function	.text	Ascii2Sjis__FUc	Ascii2Sjis(unsigned char)
01ef5ca0	data	.data	g_bTryAntialias	g_bTryAntialias
01e8c810	function	.text	HIT_fseek__FPii9SEEKPARAM	HIT_fseek(int *, int, SEEKPARAM)
01ef5ca8	data	.data	g_CPUTimeStart	g_CPUTimeStart
01ef5cb0	data	.data	g_GPUTimeStart	g_GPUTimeStart
01ef5cb8	data	.data	STAT_nFrames	STAT_nFrames
01ef5cbc	data	.data	STAT_nLastFrame	STAT_nLastFrame
01ef5cc0	data	.data	STAT_LastDListUsage	STAT_LastDListUsage
01ef5cc4	data	.data	STAT_MaxDListUsage	STAT_MaxDListUsage
01f7e480	data	.bss	STAT_CPUTimes	STAT_CPUTimes
01f7e500	data	.bss	STAT_GPUTimes	STAT_GPUTimes
01f7e400	data	.bss	STAT_FrameTimes	STAT_FrameTimes
01e8c400	function	.text	sceKernelMaxFreeMemSize__Fv	sceKernelMaxFreeMemSize(void)
01e8c420	function	.text	sceKernelTotalFreeMemSize__Fv	sceKernelTotalFreeMemSize(void)
01f7e580	data	.bss	g_GlobalContext	g_GlobalContext
01f7e638	data	.bss	g_text	g_text
01f7e5f8	data	.bss	g_eof	g_eof
01f7e618	data	.bss	g_err	g_err
01e8c930	function	.text	HIT_freadAsync__FPvUiUiPi	HIT_freadAsync(void *, unsigned int, unsigned int, int *)
01ed6ab0	function	.text	sceDopen	sceDopen
01ed6ce0	function	.text	sceDread	sceDread
01ed6b78	function	.text	sceDclose	sceDclose
01e8ca10	function	.text	WAD_OffsetsToPointers__FP10WAD_HEADER	WAD_OffsetsToPointers(WAD_HEADER *)
01e8cb30	function	.text	WAD_DecompCallback__FPUc	WAD_DecompCallback(unsigned char *)
01e8d030	function	.text	WAD_Load__FPCcPP10WAD_HEADERPPUc	WAD_Load(char const *, WAD_HEADER **, unsigned char **)
01e8d090	function	.text	WAD_Load__FPCcP10WAD_HEADER	WAD_Load(char const *, WAD_HEADER *)
01e8d160	function	.text	WAD_FindAssetsBySignature__FUi14WAD_ASSET_TYPEP10WAD_HEADER	WAD_FindAssetsBySignature(unsigned int, WAD_ASSET_TYPE, WAD_HEADER *)
01e8d260	function	.text	_GLOBAL_$I$SHARED_WAD_wadLoad.cppKFbaaa	global constructors keyed to SHARED_WAD_wadLoad.cppKFbaaa
01e8d940	function	.text	TJZIP_Decompress__FPUcT0UiPUiT0PFPUc_PUc	TJZIP_Decompress(unsigned char *, unsigned char *, unsigned int, unsigned int *, unsigned char *, unsigned char *(*)(unsigned char *))
01f1f650	data	.rodata	g_signatureTable	g_signatureTable
01ef5cf4	data	.data	g_pCallback	g_pCallback
01ef5cf8	data	.data	g_pCallbackAt	g_pCallbackAt
01e8d3d0	function	.text	TJZIP_ParseDictionaryCode__FPPUcT0PUi	TJZIP_ParseDictionaryCode(unsigned char **, unsigned char **, unsigned int *)
01e8d780	function	.text	TJZIP_ParseRawDataBlock__FPPUcT0PUi	TJZIP_ParseRawDataBlock(unsigned char **, unsigned char **, unsigned int *)
01e8dbc8	function	.text	_GLOBAL_$I$SHARED_tjzip.cppTHcaaa	global constructors keyed to SHARED_tjzip.cppTHcaaa
01e8dc88	function	.text	_GLOBAL_$I$SYSTEMS_platformSysHigSys.cppXNbaaa	global constructors keyed to SYSTEMS_platformSysHigSys.cppXNbaaa
01e8dcf8	function	.text	_GLOBAL_$I$SYSTEMS_powerDownCbArray.cppeScaaa	global constructors keyed to SYSTEMS_powerDownCbArray.cppeScaaa
01e8e490	function	.text	_GLOBAL_$I$SHARED_WAD_loader.cppNOcaaa	global constructors keyed to SHARED_WAD_loader.cppNOcaaa
01e8e840	function	.text	_GLOBAL_$I$SHARED_WAD_loadCharacter.cppXWcaaa	global constructors keyed to SHARED_WAD_loadCharacter.cppXWcaaa
01e97000	function	.text	__builtin_vec_new	__builtin_vec_new
01ef5d20	data	.data	block32	block32
01ef5da0	data	.data	columnWord32	columnWord32
01f7e6c0	data	.bss	gsmem	gsmem
01ef5de0	data	.data	block16	block16
01ef5e60	data	.data	columnWord16	columnWord16
01ef5ee0	data	.data	columnHalf16	columnHalf16
01ef5f60	data	.data	block8	block8
01ef5fe0	data	.data	columnWord8	columnWord8
01ef61e0	data	.data	columnByte8	columnByte8
01ef62e0	data	.data	block4	block4
01ef6360	data	.data	columnWord4	columnWord4
01ef6760	data	.data	columnByte4	columnByte4
01fbe6c0	data	.bss	boxes	boxes
01ef6964	data	.data	higModuleSystemInitialized	higModuleSystemInitialized
01fbe750	data	.bss	modules	modules
01e8f700	function	.text	moduleThreadContainer__FPv	moduleThreadContainer(void *)
01e8f950	function	.text	_GLOBAL_$I$LIBHIG_modulemgr.cppkdcaaa	global constructors keyed to LIBHIG_modulemgr.cppkdcaaa
01e9bb58	function	.text	snDllLoaded	snDllLoaded
01ed0a70	function	.text	DeleteThread	DeleteThread
01ed0ab0	function	.text	TerminateThread	TerminateThread
01e9bca0	function	.text	snDllUnload	snDllUnload
01ef6968	data	.data	_higPs2Heap	_higPs2Heap
01fd0838	data	.bss	gPs2HeapBlocks	gPs2HeapBlocks
01fd0810	data	.bss	HIGPS2_HEAP_SIZE	HIGPS2_HEAP_SIZE
01fd0818	data	.bss	gPs2Heap	gPs2Heap
01e8fdf8	function	.text	_GLOBAL_$I$CORE_higPs2Heap.cppwBcaaa	global constructors keyed to CORE_higPs2Heap.cppwBcaaa
01e90030	function	.text	GLOBALWAD_FindAssetsInWadBySignature__FP13WadLocationIDUi14WAD_ASSET_TYPE13WadLocationID	GLOBALWAD_FindAssetsInWadBySignature(WadLocationID *, unsigned int, WAD_ASSET_TYPE, WadLocationID)
01e90568	function	.text	GLOBALWAD_LoadTransitionWad__Fv	GLOBALWAD_LoadTransitionWad(void)
01e90240	function	.text	GLOBALWAD_CopyAndFix__FP15WAD_FILE_HEADERRP15WAD_FILE_HEADERPvUiRUi	GLOBALWAD_CopyAndFix(WAD_FILE_HEADER *, WAD_FILE_HEADER *&, void *, unsigned int, unsigned int &)
01e90400	function	.text	GLOBALWAD_SplitWadToIOP__FP10WAD_HEADERPvUiRUi	GLOBALWAD_SplitWadToIOP(WAD_HEADER *, void *, unsigned int, unsigned int &)
01e90aa0	function	.text	_GLOBAL_$I$SHARED_WAD_globalWad.cppkFcaaa	global constructors keyed to SHARED_WAD_globalWad.cppkFcaaa
01e90ad0	function	.text	SND_DMAtoIOP__FPvT0Ui	SND_DMAtoIOP(void *, void *, unsigned int)
01ed1000	function	.text	sceSifDmaStat	sceSifDmaStat
01ef69b8	data	.data	g_IOP_Buffer	g_IOP_Buffer
01e92130	function	.text	SND_ResetSoundTimeStamps__FPUi	SND_ResetSoundTimeStamps(unsigned int *)
01ef6994	data	.data	g_VagWadBuffer	g_VagWadBuffer
01ef6998	data	.data	g_VagWadEntries	g_VagWadEntries
01ef699c	data	.data	g_VagWadEntryCount	g_VagWadEntryCount
01ef69a0	data	.data	g_VAGWADLOC	g_VAGWADLOC
01ef69a4	data	.data	g_music_volume	g_music_volume
01ef69a8	data	.data	g_vo_volume	g_vo_volume
01ef69b0	data	.data	g_soundOutputMode	g_soundOutputMode
01ef69bc	data	.data	g_SoundCtrl	g_SoundCtrl
01e90d70	function	.text	SND_Init__Fv	SND_Init(void)
01fd1988	data	.bss	gSounds	gSounds
01e91118	function	.text	SND_Shutdown__Fv	SND_Shutdown(void)
01e91200	function	.text	SND_UpdateStandard__Fv	SND_UpdateStandard(void)
01e913e0	function	.text	SND_Update__FPC7MATRIX4T0	SND_Update(MATRIX4 const *, MATRIX4 const *)
01ef69c4	data	.data	g_SoundsPaused	g_SoundsPaused
01e91df0	function	.text	SND_IsPlaying__FPC14SND_Positional	SND_IsPlaying(SND_Positional const *)
01e92190	function	.text	SND_FindVag__FPCc	SND_FindVag(char const *)
01fd2fc0	data	.bss	g_AtracInstances	g_AtracInstances
01e92528	function	.text	SND_IsATRACPaused__FP13ATRACInstance	SND_IsATRACPaused(ATRACInstance *)
01e93310	function	.text	_GLOBAL_$I$ENGINE_SndScream.cppbycaaa	global constructors keyed to ENGINE_SndScream.cppbycaaa
01ed3580	function	.text	sceSifSetDma	sceSifSetDma
01e943b0	function	.text	VID_InitBink__Fv	VID_InitBink(void)
01e944a0	function	.text	snd_StartSoundSystemEx	snd_StartSoundSystemEx
01e95b90	function	.text	snd_PreAllocReverbWorkArea	snd_PreAllocReverbWorkArea
01e958e8	function	.text	snd_InitVAGStreamingEx	snd_InitVAGStreamingEx
01ed7e10	function	.text	sceSifAllocIopHeap	sceSifAllocIopHeap
01e94e00	function	.text	snd_SetPlaybackMode	snd_SetPlaybackMode
01e94dc0	function	.text	snd_SetMasterVolume	snd_SetMasterVolume
01e94ff8	function	.text	snd_PauseAllSoundsInGroup	snd_PauseAllSoundsInGroup
01e94fc8	function	.text	snd_StopAllSounds	snd_StopAllSounds
01e95028	function	.text	snd_SoundIsStillPlaying_CB	snd_SoundIsStillPlaying_CB
01e94f28	function	.text	snd_SetSFXGlobalReg	snd_SetSFXGlobalReg
01e94e70	function	.text	snd_PlaySoundVolPanPMPB_CB	snd_PlaySoundVolPanPMPB_CB
01e94ed0	function	.text	snd_StopSound	snd_StopSound
01e94f68	function	.text	snd_PauseSound	snd_PauseSound
01e94f98	function	.text	snd_ContinueSound	snd_ContinueSound
01e94c18	function	.text	snd_BankLoadFromIOP_CB	snd_BankLoadFromIOP_CB
01e95c58	function	.text	snd_GetLastLoadError	snd_GetLastLoadError
01e94d60	function	.text	snd_ResolveBankXREFS	snd_ResolveBankXREFS
01e94ae8	function	.text	snd_BankLoadFromEE_CB	snd_BankLoadFromEE_CB
01e95058	function	.text	snd_SetSoundVolPan	snd_SetSoundVolPan
01e959d0	function	.text	snd_PlayVAGStreamByLocEx_CB	snd_PlayVAGStreamByLocEx_CB
01e950c8	function	.text	snd_SetSoundParams_A	snd_SetSoundParams_A
01e93430	function	.text	VRAM_InitGraphics__Fv	VRAM_InitGraphics(void)
01e93a30	function	.text	dlib_init__Fv	dlib_init(void)
01e93b08	function	.text	dlib_displist_send_dma__FP13DLIB_DISPLISTi	dlib_displist_send_dma(DLIB_DISPLIST *, int)
01e93d30	function	.text	dlib_displist_cnt_giftag_begin__FP13DLIB_DISPLISTG11DLIB_GIFTAG	dlib_displist_cnt_giftag_begin(DLIB_DISPLIST *, DLIB_GIFTAG)
01ef6a50	data	.data	registerGifTag	registerGifTag
01e94188	function	.text	dlib_displist_cnt_unpack_begin__FP13DLIB_DISPLISTii	dlib_displist_cnt_unpack_begin(DLIB_DISPLIST *, int, int)
01e941c8	function	.text	dlib_displist_cnt_unpack_end__FP13DLIB_DISPLIST	dlib_displist_cnt_unpack_end(DLIB_DISPLIST *)
01e94280	function	.text	dlib_displist_data_unpack_begin__FP13DLIB_DISPLISTii	dlib_displist_data_unpack_begin(DLIB_DISPLIST *, int, int)
01e942c8	function	.text	dlib_displist_data_unpack_end__FP13DLIB_DISPLIST	dlib_displist_data_unpack_end(DLIB_DISPLIST *)
01ef6a74	data	.data	bink_iop_addr	bink_iop_addr
01e94480	function	.text	_GLOBAL_$I$CORE_videoPlayer_App.cpppucaaa	global constructors keyed to CORE_videoPlayer_App.cpppucaaa
01eaf588	function	.text	RAD_IOPMemoryAmount	RAD_IOPMemoryAmount
01eaebb0	function	.text	RAD_IOPStartUp	RAD_IOPStartUp
01eaf750	function	.text	RAD_IOPHardwareVolumes	RAD_IOPHardwareVolumes
01ea7308	function	.text	BinkSetSoundSystem	BinkSetSoundSystem
01eb27c8	function	.text	BinkOpenRAD_IOP	BinkOpenRAD_IOP
01ef6a78	data	.data	gCommBusy	gCommBusy
01ef6a7c	data	.data	gAwaitingInts	gAwaitingInts
01ef6a80	data	.data	gLocalLoadError	gLocalLoadError
01ef6a84	data	.data	gStreamingInited	gStreamingInited
01ef6a88	data	.data	gCdCallback	gCdCallback
01ef6a8c	data	.data	gSSRead	gSSRead
01ef6a90	data	.data	gSSReadDone	gSSReadDone
01ef6a94	data	.data	gLoadingFromFS	gLoadingFromFS
01ef6a98	data	.data	gSndCommandBuffePtr	gSndCommandBuffePtr
01feae80	data	.bss	gSndCommandBuffer1	gSndCommandBuffer1
01febe80	data	.bss	gSndCommandBuffer2	gSndCommandBuffer2
01ef6aa0	data	.data	gCommandBuffeBytesAvail	gCommandBuffeBytesAvail
01ef6aa8	data	.data	gSndCommandReturnDefPtr	gSndCommandReturnDefPtr
01fece80	data	.bss	gSndCommandReturnDef1	gSndCommandReturnDef1
01fede80	data	.bss	gSndCommandReturnDef2	gSndCommandReturnDef2
01ef6ab0	data	.data	gReturnValuesPtr	gReturnValuesPtr
01feee80	data	.bss	gActualReturnValues1	gActualReturnValues1
01fef2c0	data	.bss	gActualReturnValues2	gActualReturnValues2
01ef6ab8	data	.data	gCommandFillBuffer	gCommandFillBuffer
01ef6abc	data	.data	gCaching	gCaching
01ef6ac0	data	.data	gLoadBusy	gLoadBusy
01ef6ac8	data	.data	gLoadReturnDef	gLoadReturnDef
01ef6af0	data	.data	gPrefs_Silent	gPrefs_Silent
01fef700	data	.bss	gStats	gStats
01fef740	data	.bss	gLoadReturnValue	gLoadReturnValue
01e95170	function	.text	snd_SendIOPCommandAndWait	snd_SendIOPCommandAndWait
01e94970	function	.text	snd_GotReturns	snd_GotReturns
01fef780	data	.bss	gSyncBuffer	gSyncBuffer
01e95798	function	.text	snd_SendCurrentBatch	snd_SendCurrentBatch
01e95aa8	function	.text	snd_StreamSafeCdSync	snd_StreamSafeCdSync
01e953c8	function	.text	snd_SendIOPCommandNoWait	snd_SendIOPCommandNoWait
01e94a68	function	.text	snd_PrepareReturnBuffer	snd_PrepareReturnBuffer
01fef7c0	data	.bss	gLoadParams	gLoadParams
01e950e8	function	.text	snd_SetSoundParams_CB	snd_SetSoundParams_CB
01fef800	data	.bss	gSyncSendBuffer	gSyncSendBuffer
01e95758	function	.text	snd_PostMessage	snd_PostMessage
01ed43d0	function	.text	sceSifBindRpc	sceSifBindRpc
01ed15d0	function	.text	InvalidDCache	InvalidDCache
01ed47b0	function	.text	sceSifCheckStatRpc	sceSifCheckStatRpc
01ed14a0	function	.text	SyncDCache	SyncDCache
01ed45b0	function	.text	sceSifCallRpc	sceSifCallRpc
01ec3400	function	.text	sceCdRead	sceCdRead
01ec2a78	function	.text	sceCdSync	sceCdSync
01ec36a0	function	.text	sceCdGetError	sceCdGetError
01f00820	data	.data	simple_vu_code_microcode_end	simple_vu_code_microcode_end
01f00ef0	data	.data	skinnedmesh_vu_renderer_fast_end	skinnedmesh_vu_renderer_fast_end
01f01460	data	.data	skinnedmesh_vu_renderer_end	skinnedmesh_vu_renderer_end
01f01bc0	data	.data	skinnedmesh_vu_renderer_clip_end	skinnedmesh_vu_renderer_clip_end
01f01e90	data	.data	smesh_vu_renderer_end	smesh_vu_renderer_end
01f02310	data	.data	smesh_vu_renderer_nearclip_end	smesh_vu_renderer_nearclip_end
01f02f60	data	.data	smesh_vu_renderer_scissoring_end	smesh_vu_renderer_scissoring_end
01f034c0	data	.data	staticmesh_vu_renderer_fast_end	staticmesh_vu_renderer_fast_end
01f04280	data	.data	staticmesh_vu_renderer_scissoring_end	staticmesh_vu_renderer_scissoring_end
01f04f70	data	.data	staticmesh_vu_renderer_scissoring_shadow_end	staticmesh_vu_renderer_scissoring_shadow_end
01f05100	data	.data	throughmode_vu_code_microcode_end	throughmode_vu_code_microcode_end
01f05220	data	.data	PAR_throughmode_vu_code_microcode_end	PAR_throughmode_vu_code_microcode_end
01f05e70	data	.data	PAR_vu_renderer_scissoring_end	PAR_vu_renderer_scissoring_end
01f06210	data	.data	PAR_vu_renderer_fast_end	PAR_vu_renderer_fast_end
01f06760	data	.data	shrub_vu_renderer_end	shrub_vu_renderer_end
01f06cb0	data	.data	shrub_vu_renderer_fast_end	shrub_vu_renderer_fast_end
01f07120	data	.data	shrub_vu_renderer_shadow_end	shrub_vu_renderer_shadow_end
01f07700	data	.data	tie_vu_renderer_end	tie_vu_renderer_end
01f07bd0	data	.data	tie_vu_renderer_clip_end	tie_vu_renderer_clip_end
01f08100	data	.data	tie_vu_renderer_clip_normalize_end	tie_vu_renderer_clip_normalize_end
01f08fd0	data	.data	tie_vu_renderer_scissoring_end	tie_vu_renderer_scissoring_end
01f09f40	data	.data	tie_vu_renderer_scissoring_shadow_end	tie_vu_renderer_scissoring_shadow_end
01f0acd0	unmapped	None	DEFORM_vu_renderer_scissoring_end	DEFORM_vu_renderer_scissoring_end
01e62508	function	.text	_start	_start
01e62748	function	.text	_exit	_exit
01ed8d40	function	.text	_InitSys	_InitSys
01e97078	function	.text	_init	_init
01e97080	function	.text	_fini	_fini
01ec8318	function	.text	atexit	atexit
01ed90d0	function	.text	Exit	Exit
01e95cb0	function	.text	__do_global_dtors	__do_global_dtors
01e95d08	function	.text	__do_global_ctors	__do_global_ctors
01f0060c	data	.data	__CTOR_LIST__	__CTOR_LIST__
01f006cc	data	.data	__DTOR_LIST__	__DTOR_LIST__
01ec6fa0	function	.text	_cleanup	_cleanup
01e96b88	function	.text	dptoul	dptoul
01e96a38	function	.text	litodp	litodp
01e95ff0	function	.text	__pack_d	__pack_d
01e96120	function	.text	__unpack_d	__unpack_d
01e968d0	function	.text	__fpcmp_parts_d	__fpcmp_parts_d
01e96af0	function	.text	dptoli	dptoli
01e96c28	function	.text	__make_dp	__make_dp
01e96f18	function	.text	__make_fp	__make_fp
01e96cb0	function	.text	__pack_f	__pack_f
01e96dc0	function	.text	__unpack_f	__unpack_f
01ef6afc	data	.data	_GLOBAL_$F$__builtin_delete.._.._src_gcc_cp_new2.cc1GeU73	_GLOBAL_$F$__builtin_delete.._.._src_gcc_cp_new2.cc1GeU73
01e97c30	function	.text	__throw	__throw
01e980a0	function	.text	__start_cp_handler	__start_cp_handler
01e98318	function	.text	__check_eh_spec	__check_eh_spec
01e98220	function	.text	__cp_pop_exception	__cp_pop_exception
01e97ff8	function	.text	terminate__Fv	terminate(void)
01ef6b44	data	.data	_GLOBAL_$F$__builtin_vec_new.._.._src_gcc_cp_new2.ccBLDubu	_GLOBAL_$F$__builtin_vec_new.._.._src_gcc_cp_new2.ccBLDubu
01e99788	function	.text	__builtin_new	__builtin_new
01e99708	function	.text	__tf9bad_alloc	bad_alloc type_info function
01e97088	function	.text	__default_terminate	__default_terminate
01ef6b8c	data	.data	__terminate_func	__terminate_func
01e97098	function	.text	__terminate	__terminate
01e970c0	function	.text	__throw_type_match	__throw_type_match
01e970f0	function	.text	__empty	__empty
01e97150	function	.text	__get_eh_context	__get_eh_context
01e97178	function	.text	__get_eh_info	__get_eh_info
01e97230	function	.text	__get_dynamic_handler_chain	__get_dynamic_handler_chain
01e97258	function	.text	__sjthrow	__sjthrow
01e973d0	function	.text	__sjpopnthrow	__sjpopnthrow
01e974e8	function	.text	__eh_rtime_match	__eh_rtime_match
01e97530	function	.text	__get_eh_table_version	__get_eh_table_version
01e97538	function	.text	__get_eh_table_language	__get_eh_table_language
01e978f8	function	.text	__unwinding_cleanup	__unwinding_cleanup
01e97e10	function	.text	__rethrow	__rethrow
01ef6b94	data	.data	_GLOBAL_$F$__default_terminate	_GLOBAL_$F$__default_terminate
01e99388	function	.text	__frame_state_for	__frame_state_for
01e98010	function	.text	__default_unexpected__Fv	__default_unexpected(void)
01e98020	function	.text	set_terminate__FPFv_v	set_terminate(void (*)(void))
01e98030	function	.text	set_unexpected__FPFv_v	set_unexpected(void (*)(void))
01e98040	function	.text	unexpected__Fv	unexpected(void)
01e98058	function	.text	__cp_exception_info	__cp_exception_info
01e98080	function	.text	__cp_eh_info	__cp_eh_info
01e980d8	function	.text	__eh_alloc	__eh_alloc
01e98100	function	.text	__eh_free	__eh_free
01e98120	function	.text	__cplus_type_matcher	__cplus_type_matcher
01e98190	function	.text	__cp_push_exception	__cp_push_exception
01e982e8	function	.text	__uncatch_exception	__uncatch_exception
01e98678	function	.text	__tf13bad_exception	bad_exception type_info function
01f207f0	data	.rodata	_vt$13bad_exception	bad_exception virtual table
01f20808	data	.rodata	_vt$9exception	exception virtual table
01e98630	function	.text	_$_13bad_exception	bad_exception::~bad_exception(void)
01e984d0	function	.text	__throw_bad_cast	__throw_bad_cast
01e98550	function	.text	__throw_bad_typeid	__throw_bad_typeid
01e985d0	function	.text	uncaught_exception__Fv	uncaught_exception(void)
01e98608	function	.text	what__C9exception	exception::what(void) const
01e98710	function	.text	__tf9exception	exception type_info function
01e986c8	function	.text	_$_9exception	exception::~exception(void)
01e98660	function	.text	__13bad_exception	bad_exception::bad_exception(void)
01fefa00	data	.bss	__ti13bad_exception	bad_exception type_info node
01fefa10	data	.bss	__ti9exception	exception type_info node
01e986f8	function	.text	__9exception	exception::exception(void)
01ef7188	data	.data	_GLOBAL_$F$terminate__Fv	_GLOBAL_$F$terminate(void)
01e99fa8	function	.text	__throw_type_match_rtti	__throw_type_match_rtti
01e9a470	function	.text	__is_pointer__FPv	__is_pointer(void *)
01f209d0	data	.rodata	_vt$8bad_cast	bad_cast virtual table
01e99e68	function	.text	_$_8bad_cast	bad_cast::~bad_cast(void)
01f209b8	data	.rodata	_vt$10bad_typeid	bad_typeid virtual table
01e99dd0	function	.text	_$_10bad_typeid	bad_typeid::~bad_typeid(void)
01e99948	function	.text	__rtti_si	__rtti_si
01e99968	function	.text	__rtti_user	__rtti_user
01e992e8	function	.text	__register_frame_info_table	__register_frame_info_table
01e99310	function	.text	__deregister_frame_info	__deregister_frame_info
01f20920	data	.rodata	nothrow	nothrow
01e996d8	function	.text	set_new_handler__FPFv_v	set_new_handler(void (*)(void))
01ef7518	data	.data	__new_handler	__new_handler
01f20928	data	.rodata	_vt$9bad_alloc	bad_alloc virtual table
01e99758	function	.text	_$_9bad_alloc	bad_alloc::~bad_alloc(void)
01e996f8	function	.text	what__C9bad_alloc	bad_alloc::what(void) const
01e996e8	function	.text	__vn__FUiPv	operator new [](unsigned int, void *)
01e996f0	function	.text	__nw__FUiPv	operator new(unsigned int, void *)
01fefa18	data	.bss	__ti9bad_alloc	bad_alloc type_info node
01ef751c	data	.data	_GLOBAL_$F$nothrow	_GLOBAL_$F$nothrow
01ef75bc	data	.data	_GLOBAL_$F$__builtin_new.._.._src_gcc_cp_new1.ccKINnb5	_GLOBAL_$F$__builtin_new.._.._src_gcc_cp_new1.ccKINnb5
01e998b0	function	.text	_$_9type_info	type_info::~type_info(void)
01f209e8	data	.rodata	_vt$9type_info	type_info virtual table
01e998e0	function	.text	__eq__C9type_infoRC9type_info	type_info::operator==(type_info const &) const
01e99920	function	.text	__rtti_class	__rtti_class
01f20970	data	.rodata	_vt$17__class_type_info	__class_type_info virtual table
01f20988	data	.rodata	_vt$14__si_type_info	__si_type_info virtual table
01f209a0	data	.rodata	_vt$16__user_type_info	__user_type_info virtual table
01e99988	function	.text	dcast__C16__user_type_infoRC9type_infoiPvPC9type_infoT3	__user_type_info::dcast(type_info const &, int, void *, type_info const *, void *) const
01e999b8	function	.text	dcast__C14__si_type_infoRC9type_infoiPvPC9type_infoT3	__si_type_info::dcast(type_info const &, int, void *, type_info const *, void *) const
01e99a50	function	.text	dcast__C17__class_type_infoRC9type_infoiPvPC9type_infoT3	__class_type_info::dcast(type_info const &, int, void *, type_info const *, void *) const
01e99c48	function	.text	__tf17__class_type_info	__class_type_info type_info function
01e99c98	function	.text	_$_17__class_type_info	__class_type_info::~__class_type_info(void)
01e99cd8	function	.text	__tf14__si_type_info	__si_type_info type_info function
01e99d28	function	.text	_$_14__si_type_info	__si_type_info::~__si_type_info(void)
01e99d60	function	.text	__tf16__user_type_info	__user_type_info type_info function
01e99db0	function	.text	_$_16__user_type_info	__user_type_info::~__user_type_info(void)
01e99e18	function	.text	__tf10bad_typeid	bad_typeid type_info function
01e99eb0	function	.text	__tf8bad_cast	bad_cast type_info function
01e99f40	function	.text	__tf9type_info	type_info type_info function
01e99c28	function	.text	__17__class_type_infoPCcPCQ217__class_type_info9base_infoUi	__class_type_info::__class_type_info(char const *, __class_type_info::base_info const *, unsigned int)
01fefa28	data	.bss	__ti17__class_type_info	__class_type_info type_info node
01fefa38	data	.bss	__ti16__user_type_info	__user_type_info type_info node
01e99cb8	function	.text	__14__si_type_infoPCcRC16__user_type_info	__si_type_info::__si_type_info(char const *, __user_type_info const &)
01fefa48	data	.bss	__ti14__si_type_info	__si_type_info type_info node
01e99d48	function	.text	__16__user_type_infoPCc	__user_type_info::__user_type_info(char const *)
01fefa58	data	.bss	__ti9type_info	type_info type_info node
01e99e00	function	.text	__10bad_typeid	bad_typeid::bad_typeid(void)
01fefa60	data	.bss	__ti10bad_typeid	bad_typeid type_info node
01e99e98	function	.text	__8bad_cast	bad_cast::bad_cast(void)
01fefa70	data	.bss	__ti8bad_cast	bad_cast type_info node
01e99f00	function	.text	__ne__C9type_infoRC9type_info	type_info::operator!=(type_info const &) const
01e99f20	function	.text	name__C9type_info	type_info::name(void) const
01e99f28	function	.text	__9type_infoPCc	type_info::type_info(char const *)
01ef7610	data	.data	_GLOBAL_$F$_$_9type_info	_GLOBAL_$F$_$_9type_info
01e99f80	function	.text	before__C9type_infoRC9type_info	type_info::before(type_info const &) const
01e9a588	function	.text	__dynamic_cast	__dynamic_cast
01e9ac90	function	.text	__tf19__pointer_type_info	__pointer_type_info type_info function
01e9ac20	function	.text	__tf16__attr_type_info	__attr_type_info type_info function
01e9a638	function	.text	__tfv	void type_info function
01e9ab40	function	.text	__tf16__func_type_info	__func_type_info type_info function
01e9a4c0	function	.text	__rtti_ptr	__rtti_ptr
01f20b68	data	.rodata	_vt$19__pointer_type_info	__pointer_type_info virtual table
01e9a4e0	function	.text	__rtti_attr	__rtti_attr
01f20b58	data	.rodata	_vt$16__attr_type_info	__attr_type_info virtual table
01e9a508	function	.text	__rtti_func	__rtti_func
01f20b38	data	.rodata	_vt$16__func_type_info	__func_type_info virtual table
01e9a528	function	.text	__rtti_ptmf	__rtti_ptmf
01f20b28	data	.rodata	_vt$16__ptmf_type_info	__ptmf_type_info virtual table
01e9a548	function	.text	__rtti_ptmd	__rtti_ptmd
01f20b18	data	.rodata	_vt$16__ptmd_type_info	__ptmd_type_info virtual table
01e9a568	function	.text	__rtti_array	__rtti_array
01f20b08	data	.rodata	_vt$17__array_type_info	__array_type_info virtual table
01ef7998	data	.data	__tiv	void type_info node
01f20b48	data	.rodata	_vt$19__builtin_type_info	__builtin_type_info virtual table
01e9a670	function	.text	__tfx	long long type_info function
01ef79a0	data	.data	__tix	long long type_info node
01e9a6a8	function	.text	__tfl	long type_info function
01ef79a8	data	.data	__til	long type_info node
01e9a6e0	function	.text	__tfi	int type_info function
01ef79b0	data	.data	__tii	int type_info node
01e9a718	function	.text	__tfs	short type_info function
01ef79b8	data	.data	__tis	short type_info node
01e9a750	function	.text	__tfb	bool type_info function
01ef79c0	data	.data	__tib	bool type_info node
01e9a788	function	.text	__tfc	char type_info function
01ef79c8	data	.data	__tic	char type_info node
01e9a7c0	function	.text	__tfw	wchar_t type_info function
01ef79d0	data	.data	__tiw	wchar_t type_info node
01e9a7f8	function	.text	__tfr	long double type_info function
01ef79d8	data	.data	__tir	long double type_info node
01e9a830	function	.text	__tfd	double type_info function
01ef79e0	data	.data	__tid	double type_info node
01e9a868	function	.text	__tff	float type_info function
01ef79e8	data	.data	__tif	float type_info node
01e9a8a0	function	.text	__tfUi	unsigned int type_info function
01ef79f0	data	.data	__tiUi	unsigned int type_info node
01e9a8d8	function	.text	__tfUl	unsigned long type_info function
01ef79f8	data	.data	__tiUl	unsigned long type_info node
01e9a910	function	.text	__tfUx	unsigned long long type_info function
01ef7a00	data	.data	__tiUx	unsigned long long type_info node
01e9a948	function	.text	__tfUs	unsigned short type_info function
01ef7a08	data	.data	__tiUs	unsigned short type_info node
01e9a980	function	.text	__tfUc	unsigned char type_info function
01ef7a10	data	.data	__tiUc	unsigned char type_info node
01e9a9b8	function	.text	__tfSc	signed char type_info function
01ef7a18	data	.data	__tiSc	signed char type_info node
01e9a9f0	function	.text	__tf17__array_type_info	__array_type_info type_info function
01e9aa40	function	.text	_$_17__array_type_info	__array_type_info::~__array_type_info(void)
01e9aa60	function	.text	__tf16__ptmd_type_info	__ptmd_type_info type_info function
01e9aab0	function	.text	_$_16__ptmd_type_info	__ptmd_type_info::~__ptmd_type_info(void)
01e9aad0	function	.text	__tf16__ptmf_type_info	__ptmf_type_info type_info function
01e9ab20	function	.text	_$_16__ptmf_type_info	__ptmf_type_info::~__ptmf_type_info(void)
01e9ab90	function	.text	_$_16__func_type_info	__func_type_info::~__func_type_info(void)
01e9abb0	function	.text	__tf19__builtin_type_info	__builtin_type_info type_info function
01e9ac00	function	.text	_$_19__builtin_type_info	__builtin_type_info::~__builtin_type_info(void)
01e9ac70	function	.text	_$_16__attr_type_info	__attr_type_info::~__attr_type_info(void)
01e9ace0	function	.text	_$_19__pointer_type_info	__pointer_type_info::~__pointer_type_info(void)
01fefa80	data	.bss	__ti17__array_type_info	__array_type_info type_info node
01fefa90	data	.bss	__ti16__ptmd_type_info	__ptmd_type_info type_info node
01fefaa0	data	.bss	__ti16__ptmf_type_info	__ptmf_type_info type_info node
01fefab0	data	.bss	__ti16__func_type_info	__func_type_info type_info node
01fefac0	data	.bss	__ti19__builtin_type_info	__builtin_type_info type_info node
01fefad0	data	.bss	__ti16__attr_type_info	__attr_type_info type_info node
01fefae0	data	.bss	__ti19__pointer_type_info	__pointer_type_info type_info node
01ef7a20	data	.data	_GLOBAL_$F$before__C9type_infoRC9type_info	type_info::_GLOBAL_$F$before(type_info const &) const
01ef7e98	data	.data	SN_LOADED_RELMODS	SN_LOADED_RELMODS
01efaea0	data	.data	notify	notify
01e9bf00	function	.text	snDllCacheFlush	snDllCacheFlush
01e9bf40	function	.text	snAllBreaksOut	snAllBreaksOut
01e9bf50	function	.text	snAllBreaksIn	snAllBreaksIn
01e9bf30	function	.text	snNotifyDebugger	snNotifyDebugger
01e9c108	function	.text	sceGsGetGParam	sceGsGetGParam
01ed0fa0	function	.text	GsPutIMR	GsPutIMR
01ed1668	function	.text	DisableIntc	DisableIntc
01ed0960	function	.text	RemoveIntcHandler	RemoveIntcHandler
01ed0860	function	.text	SetGsCrt	SetGsCrt
01ed3360	function	.text	scePrintf	scePrintf
01e9c5e0	function	.text	sceGsSetDefDispEnv	sceGsSetDefDispEnv
01e9ca20	function	.text	sceGsSetDefDrawEnv	sceGsSetDefDrawEnv
01e9cc08	function	.text	sceGsSetDefClear	sceGsSetDefClear
01e9c958	function	.text	sceGszbufaddr	sceGszbufaddr
01ed10f0	function	.text	VSync	VSync
01ed1180	function	.text	VSync2	VSync2
01e9d158	function	.text	sceDmaPause	sceDmaPause
01efaf00	data	.data	dch	dch
01e9cef0	function	.text	sceDmaPutEnv	sceDmaPutEnv
01ed8ad0	function	.text	DIntr	DIntr
01ed8b20	function	.text	EIntr	EIntr
01ea1db0	function	.text	__kernel_sin	__kernel_sin
01e9e740	function	.text	__ieee754_rem_pio2	__ieee754_rem_pio2
01ea0ff8	function	.text	__kernel_cos	__kernel_cos
01ea1f88	function	.text	__kernel_cosf	__kernel_cosf
01ea0ae0	function	.text	__ieee754_rem_pio2f	__ieee754_rem_pio2f
01ea2a30	function	.text	__kernel_sinf	__kernel_sinf
01ea2b38	function	.text	__kernel_tanf	__kernel_tanf
01e9ec60	function	.text	__ieee754_sqrt	__ieee754_sqrt
01f21738	data	.rodata	__fdlib_version	__fdlib_version
01ea2e08	function	.text	isnan	isnan
01ea2e40	function	.text	matherr	matherr
01ec60a8	function	.text	__errno	__errno
01e9ef68	function	.text	__ieee754_acosf	__ieee754_acosf
01ea3510	function	.text	isnanf	isnanf
01ea34c8	function	.text	fabsf	fabsf
01e9f398	function	.text	__ieee754_asinf	__ieee754_asinf
01e9f738	function	.text	__ieee754_atan2f	__ieee754_atan2f
01e9fa20	function	.text	__ieee754_expf	__ieee754_expf
01ea34e8	function	.text	finitef	finitef
01f21730	data	.rodata	__infinity	__infinity
01e9fcd8	function	.text	__ieee754_fmodf	__ieee754_fmodf
01e9ff28	function	.text	__ieee754_logf	__ieee754_logf
01ea0250	function	.text	__ieee754_powf	__ieee754_powf
01ea2e68	function	.text	rint	rint
01ea0ec0	function	.text	__ieee754_sqrtf	__ieee754_sqrtf
01ea2dd0	function	.text	fabs	fabs
01ea1248	function	.text	__kernel_rem_pio2	__kernel_rem_pio2
01ea3220	function	.text	atanf	atanf
01ea3538	function	.text	scalbnf	scalbnf
01ea20e0	function	.text	__kernel_rem_pio2f	__kernel_rem_pio2f
01ea3068	function	.text	scalbn	scalbn
01ea3698	function	.text	copysign	copysign
01ea36e0	function	.text	copysignf	copysignf
01ea4408	function	.text	scePadSetDmaCallback	scePadSetDmaCallback
01ed3910	function	.text	sceSifAddCmdHandler	sceSifAddCmdHandler
01ed3988	function	.text	sceSifRemoveCmdHandler	sceSifRemoveCmdHandler
01ea7040	function	.text	BinkSetSoundOnOff	BinkSetSoundOnOff
01ea6eb0	function	.text	BinkPause	BinkPause
01eab5e8	function	.text	RADCB_try_to_suspend_callback	RADCB_try_to_suspend_callback
01eaf900	function	.text	radmemcpy	radmemcpy
01eab600	function	.text	RADCB_resume_callback	RADCB_resume_callback
01eb16b8	function	.text	BinkFileOpen	BinkFileOpen
01eb0148	function	.text	radmemset	radmemset
01eaf868	function	.text	RADTimerRead	RADTimerRead
01eab298	function	.text	pushmalloc	pushmalloc
01ea97d0	function	.text	ExpandBundleSizes	ExpandBundleSizes
01eab498	function	.text	popmalloctotal	popmalloctotal
01eab3e8	function	.text	popmalloc	popmalloc
01eb0b10	function	.text	mult64anddiv	mult64anddiv
01eab578	function	.text	radfree	radfree
01eb3420	function	.text	BinkAudioDecompressOpen	BinkAudioDecompressOpen
01eab5c8	function	.text	RADCB_allocate_handler	RADCB_allocate_handler
01eab5e0	function	.text	RADCB_resume_handler	RADCB_resume_handler
01eab5d0	function	.text	RADCB_register_callback	RADCB_register_callback
01eacb10	function	.text	YUV_init	YUV_init
01eb0c40	function	.text	mult64andshift	mult64andshift
01eab608	function	.text	RADCB_idle_on_callbacks	RADCB_idle_on_callbacks
01eadf90	function	.text	YUV_blit_32abpp	YUV_blit_32abpp
01eade58	function	.text	YUV_blit_32bpp	YUV_blit_32bpp
01eadf58	function	.text	YUV_blit_16a1bpp	YUV_blit_16a1bpp
01eade90	function	.text	YUV_blit_16bpp	YUV_blit_16bpp
01eae010	function	.text	YUV_blit_32abpp_mask	YUV_blit_32abpp_mask
01eadec8	function	.text	YUV_blit_32bpp_mask	YUV_blit_32bpp_mask
01eadfc8	function	.text	YUV_blit_16a1bpp_mask	YUV_blit_16a1bpp_mask
01eadf10	function	.text	YUV_blit_16bpp_mask	YUV_blit_16bpp_mask
01eab5f0	function	.text	RADCB_suspend_callback	RADCB_suspend_callback
01eb3710	function	.text	BinkAudioDecompress	BinkAudioDecompress
01eab048	function	.text	ExpandBink	ExpandBink
01eab5f8	function	.text	RADCB_suspend_2_callbacks	RADCB_suspend_2_callbacks
01eab5d8	function	.text	RADCB_unregister_2_callbacks	RADCB_unregister_2_callbacks
01eb3850	function	.text	BinkAudioDecompressClose	BinkAudioDecompressClose
01eadde8	function	.text	FreeYUVGlobalMemory	FreeYUVGlobalMemory
01eab4a8	function	.text	RADSetMemory	RADSetMemory
01eb0378	function	.text	radmemset16	radmemset16
01f23b40	data	.rodata	patterns	patterns
01eb3870	function	.text	ReadBPLossless	ReadBPLossless
01eb5a50	function	.text	FastIDCT8x8d	FastIDCT8x8d
01eb4988	function	.text	ReadBPLossyWithMotion	ReadBPLossyWithMotion
01eb5a28	function	.text	FastIDCT8x8	FastIDCT8x8
01eb55f0	function	.text	FastmIDCT8x8WithMotion	FastmIDCT8x8WithMotion
01eab4c0	function	.text	radmalloc	radmalloc
01efb040	data	.data	ytable	ytable
01efb044	data	.data	clamp_r	clamp_r
01efb048	data	.data	clamp_g	clamp_g
01efb04c	data	.data	clamp_b	clamp_b
01efb050	data	.data	clamp_ytable	clamp_ytable
01efb054	data	.data	clamptable	clamptable
01efb060	data	.data	S	S
01efb0a0	data	.data	YUVTables	YUVTables
01efc0a0	data	.data	RGBshift	RGBshift
01eb1ab0	function	.text	YUV_32_4x2_even	YUV_32_4x2_even
01eae060	function	.text	YUV_32_4x2_odd	YUV_32_4x2_odd
01eb1e20	function	.text	YUV_32a_4x2_even	YUV_32a_4x2_even
01eae078	function	.text	YUV_32a_4x2_odd	YUV_32a_4x2_odd
01eb2250	function	.text	YUV_16_4x2_even	YUV_16_4x2_even
01eae058	function	.text	YUV_16_4x2_odd	YUV_16_4x2_odd
01eae068	function	.text	YUV_16a1_4x2_even	YUV_16a1_4x2_even
01eae070	function	.text	YUV_16a1_4x2_odd	YUV_16a1_4x2_odd
01f21e60	data	.rodata	pmemb16	pmemb16
01f21e68	data	.rodata	pmemwYscale	pmemwYscale
01f21e70	data	.rodata	pmemw7F00	pmemw7F00
01f21e78	data	.rodata	pmemwYScale	pmemwYScale
01f21e80	data	.rodata	pmemw0080	pmemw0080
01f21ec0	data	.rodata	IOPSideData	IOPSideData
01eaf3f0	function	.text	RAD_IOPUnregisterSoundCallback	RAD_IOPUnregisterSoundCallback
01eaef80	function	.text	RAD_IOPCancelFileAsyncs	RAD_IOPCancelFileAsyncs
01eaf100	function	.text	RAD_IOPCloseFile	RAD_IOPCloseFile
01eaf230	function	.text	RAD_IOPRegisterSoundCallback	RAD_IOPRegisterSoundCallback
01eaf5b8	function	.text	RAD_IOPGetIOStatus	RAD_IOPGetIOStatus
01eaf5c8	function	.text	RAD_IOPQueueAsyncOpenFile	RAD_IOPQueueAsyncOpenFile
01eaf658	function	.text	RAD_IOPQueueAsyncReadAtTop	RAD_IOPQueueAsyncReadAtTop
01eaf708	function	.text	RAD_IOPStartSound	RAD_IOPStartSound
01ed3b50	function	.text	isceSifSendCmd	isceSifSendCmd
01ed3b10	function	.text	sceSifSendCmd	sceSifSendCmd
01ed3608	function	.text	isceSifSetDma	isceSifSetDma
01ed3640	function	.text	sceSifInitCmd	sceSifInitCmd
01ed38f8	function	.text	sceSifSetCmdBuffer	sceSifSetCmdBuffer
01ed8568	function	.text	sceSifLoadModuleBuffer	sceSifLoadModuleBuffer
01ed8230	function	.text	sceSifStopModule	sceSifStopModule
01ed8438	function	.text	sceSifUnloadModule	sceSifUnloadModule
01eb05b0	function	.text	radcos_no_clamp	radcos_no_clamp
01eb09a8	function	.text	radsin	radsin
01eb0c70	function	.text	radfsqrt	radfsqrt
01eb0c98	function	.text	radcos	radcos
01eb27e0	function	.text	copytoflat256format	copytoflat256format
01eb2870	function	.text	mixtoflat256format	mixtoflat256format
01eba498	function	.text	simp_mix	simp_mix
01ebace0	function	.text	init_mix_info	init_mix_info
01ebade8	function	.text	set_mix_volume	set_mix_volume
01eb5a78	function	.text	ddct	ddct
01eb95a8	function	.text	rdft	rdft
01efc6b0	data	.data	sOpControls	sOpControls
01ebbe30	function	.text	ps2fioDclose	ps2fioDclose
01ebbdd0	function	.text	ps2fioDread	ps2fioDread
01fd41f0	data	.bss	sCopyStatus	sCopyStatus
01ebc120	function	.text	ps2fioMkdir	ps2fioMkdir
01ebb9e8	function	.text	ps2fioRegisterDevice	ps2fioRegisterDevice
01ebba90	function	.text	ps2fioShutdownDevice	ps2fioShutdownDevice
01ebbc50	function	.text	ps2fioWrite	ps2fioWrite
01ebbd30	function	.text	ps2fioDopen	ps2fioDopen
01ebbf10	function	.text	ps2fioChStat	ps2fioChStat
01ebbf80	function	.text	ps2fioRename	ps2fioRename
01ebbfe0	function	.text	ps2fioRemoveDir	ps2fioRemoveDir
01ebc0d0	function	.text	ps2fioRemoveFile	ps2fioRemoveFile
01ebc180	function	.text	ps2fioFormatDevice	ps2fioFormatDevice
01ebc1d0	function	.text	ps2fioUnformatDevice	ps2fioUnformatDevice
01ebc220	function	.text	ps2fioFlush	ps2fioFlush
01ebc288	function	.text	ps2fioSync	ps2fioSync
01ebc2d8	function	.text	ps2fioCreatePartition	ps2fioCreatePartition
01ebc368	function	.text	ps2fioAddSpaceToPartition	ps2fioAddSpaceToPartition
01ebc3e8	function	.text	ps2fioRemovePartition	ps2fioRemovePartition
01ebc448	function	.text	ps2fioFormatPartition	ps2fioFormatPartition
01ebc4c8	function	.text	ps2fioMountPartition	ps2fioMountPartition
01ebc558	function	.text	ps2fioUmountPartition	ps2fioUmountPartition
01ebc5a8	function	.text	ps2fioGetFreeSpaceInMount	ps2fioGetFreeSpaceInMount
01ebc618	function	.text	ps2fioOpenPartition	ps2fioOpenPartition
01ebc6e8	function	.text	ps2fioClosePartition	ps2fioClosePartition
01ebc768	function	.text	ps2fioReadPartition	ps2fioReadPartition
01ebc7c8	function	.text	ps2fioWritePartition	ps2fioWritePartition
01ebc828	function	.text	ps2fioLseekPartition	ps2fioLseekPartition
01ebc878	function	.text	ps2fioCopyDir	ps2fioCopyDir
01ebca70	function	.text	ps2fioCopyFile	ps2fioCopyFile
01ebcbf0	function	.text	ps2fioReadFileToBuffer	ps2fioReadFileToBuffer
01ebcc88	function	.text	ps2fioWriteFileFromBuffer	ps2fioWriteFileFromBuffer
01ebcd18	function	.text	ps2fioVerifyDir	ps2fioVerifyDir
01ebcdf0	function	.text	ps2fioFileCompare	ps2fioFileCompare
01ebd000	function	.text	ps2fioGetDeviceStatus	ps2fioGetDeviceStatus
01ebd0c0	function	.text	ps2fioFreeFilesystem	ps2fioFreeFilesystem
01ebd108	function	.text	ps2fioLoadModule	ps2fioLoadModule
01ebd178	function	.text	ps2fioLoadStartModule	ps2fioLoadStartModule
01ebd248	function	.text	ps2fioLoadExec	ps2fioLoadExec
01ed0b80	function	.text	SleepThread	SleepThread
01ebf970	function	.text	cdvddrvRegisterDevice	cdvddrvRegisterDevice
01ec1018	function	.text	hostdrvRegisterDevice	hostdrvRegisterDevice
01ec0ca0	function	.text	mcdrvRegisterDevices	mcdrvRegisterDevices
01ebea38	function	.text	hdddrvRegisterDevice	hdddrvRegisterDevice
01ed0b90	function	.text	WakeupThread	WakeupThread
01ed0cb0	function	.text	PollSema	PollSema
01ebdbf8	function	.text	_hdddrvPowerOffThread	_hdddrvPowerOffThread
01ed0c90	function	.text	iSignalSema	iSignalSema
01ed5390	function	.text	scePowerOffHandler	scePowerOffHandler
01ed7ae0	function	.text	sceDevctl	sceDevctl
01ec3738	function	.text	sceCdPowerOff	sceCdPowerOff
01ed84c8	function	.text	sceSifSearchModuleByName	sceSifSearchModuleByName
01ec1518	function	.text	hddsvcGetFreeSpace	hddsvcGetFreeSpace
01ed78a0	function	.text	sceLseek64	sceLseek64
01ed6820	function	.text	sceFormat	sceFormat
01ec1548	function	.text	hddsvcCreatePartition	hddsvcCreatePartition
01ec1778	function	.text	hddsvcAddSpaceToPartition	hddsvcAddSpaceToPartition
01ed6628	function	.text	sceRemove	sceRemove
01ed7600	function	.text	sceMount	sceMount
01ed7880	function	.text	sceUmount	sceUmount
01ed6e38	function	.text	sceGetstat	sceGetstat
01ed6ff0	function	.text	sceChstat	sceChstat
01ed7450	function	.text	sceSync	sceSync
01ed6648	function	.text	sceMkdir	sceMkdir
01ed5fd0	function	.text	sceWrite	sceWrite
01ed7240	function	.text	sceRename	sceRename
01ed6800	function	.text	sceRmdir	sceRmdir
01ec2ce0	function	.text	sceCdInit	sceCdInit
01ec3678	function	.text	sceCdGetDiskType	sceCdGetDiskType
01ec37f0	function	.text	sceCdMmode	sceCdMmode
01ec2268	function	.text	cdvdfsGetEntryFromPath	cdvdfsGetEntryFromPath
01ec2488	function	.text	cdvdfsGetEntryFromIndex	cdvdfsGetEntryFromIndex
01ec31e0	function	.text	sceCdDiskReady	sceCdDiskReady
01ec3988	function	.text	sceCdTrayReq	sceCdTrayReq
01ec2038	function	.text	cdvdfsBuildFS	cdvdfsBuildFS
01ec2218	function	.text	cdvdfsFreeFS	cdvdfsFreeFS
01ed87d8	function	.text	sceSifLoadStartModule	sceSifLoadStartModule
01ed89c0	function	.text	sceSifRebootIop	sceSifRebootIop
01ed9088	function	.text	LoadExecPS2	LoadExecPS2
01fdb780	data	.bss	sMcdrvDevDesc	sMcdrvDevDesc
01ec3d10	function	.text	sceMcEnd	sceMcEnd
01ec3dd8	function	.text	sceMcGetSlotMax	sceMcGetSlotMax
01ec4b88	function	.text	sceMcRename	sceMcRename
01ec4ac0	function	.text	sceMcFlush	sceMcFlush
01ed6290	function	.text	sceIoctl2	sceIoctl2
01efc710	data	.data	SCE_CD_debug	SCE_CD_debug
01efc728	data	.data	_sceCd_ncmd_semid	_sceCd_ncmd_semid
01efc72c	data	.data	_sceCd_scmd_semid	_sceCd_scmd_semid
01efc730	data	.data	_sceCd_rcmd_semid	_sceCd_rcmd_semid
01efc734	data	.data	_sceCd_c_cb_sem	_sceCd_c_cb_sem
01efc738	data	.data	_sceCd_ee_read_mode	_sceCd_ee_read_mode
01efc740	data	.data	_sceCd_old_module	_sceCd_old_module
01efc744	data	.data	_sceCd_CdInit_ON	_sceCd_CdInit_ON
01ec24c0	function	.text	_sceCd_cd_callback	_sceCd_cd_callback
01efc760	data	.data	sceCdCbfunc_num	sceCdCbfunc_num
01efc764	data	.data	sceCdCbfunc_number	sceCdCbfunc_number
01ec2568	function	.text	_sceCd_cd_read_intr	_sceCd_cd_read_intr
01ec2888	function	.text	_sceCd_ncmd_prechk	_sceCd_ncmd_prechk
01efd8d0	data	.data	_sceCd_cd_ncmd	_sceCd_cd_ncmd
01ec29e0	function	.text	sceCdNcmdDiskReady	sceCdNcmdDiskReady
01efc780	data	.data	_sceCd_ncmdrdata	_sceCd_ncmdrdata
01ec2b18	function	.text	sceCdSyncS	sceCdSyncS
01efe280	data	.data	_sceCd_cd_scmd	_sceCd_cd_scmd
01ec2b88	function	.text	_sceCd_scmd_prechk	_sceCd_scmd_prechk
01efc800	data	.data	_sceCd_ncmdsdata	_sceCd_ncmdsdata
01efd900	data	.data	_sceCd_scmdrdata	_sceCd_scmdrdata
01efdd40	data	.data	_sceCd_scmdsdata	_sceCd_scmdsdata
01ec2fc8	function	.text	sceCdDiskReady_old	sceCdDiskReady_old
01efe180	data	.data	_sceCd_rcmdrdata	_sceCd_rcmdrdata
01efd800	data	.data	_sceCd_rd_intr_data	_sceCd_rd_intr_data
01efd8c0	data	.data	_sceCd_Read_cur_pos	_sceCd_Read_cur_pos
01ed3cd8	function	.text	sceSifWriteBackDCache	sceSifWriteBackDCache
01ec35e0	function	.text	sceCdGetDiskType2	sceCdGetDiskType2
01ed4958	function	.text	sceSifRemoveRpc	sceSifRemoveRpc
01ed49f0	function	.text	sceSifRemoveRpcQueue	sceSifRemoveRpcQueue
01ed47f0	function	.text	sceSifSetRpcQueue	sceSifSetRpcQueue
01ed4888	function	.text	sceSifRegisterRpc	sceSifRegisterRpc
01ed4ca0	function	.text	sceSifRpcLoop	sceSifRpcLoop
01efe3f0	data	.data	_sce_sdr_transIntr0Hdr	_sce_sdr_transIntr0Hdr
01efe3fc	data	.data	_sce_sdr_transIntr0Arg	_sce_sdr_transIntr0Arg
01efe408	data	.data	_sce_sdr_transIntr0Gp	_sce_sdr_transIntr0Gp
01efe3f4	data	.data	_sce_sdr_transIntr1Hdr	_sce_sdr_transIntr1Hdr
01efe400	data	.data	_sce_sdr_transIntr1Arg	_sce_sdr_transIntr1Arg
01efe40c	data	.data	_sce_sdr_transIntr1Gp	_sce_sdr_transIntr1Gp
01efe3f8	data	.data	_sce_sdr_spu2IntrHdr	_sce_sdr_spu2IntrHdr
01efe404	data	.data	_sce_sdr_spu2IntrArg	_sce_sdr_spu2IntrArg
01efe410	data	.data	_sce_sdr_spu2IntrGp	_sce_sdr_spu2IntrGp
01ec5c38	function	.text	sceScfGetTimeZone	sceScfGetTimeZone
01ec5c90	function	.text	sceScfGetSummerTime	sceScfGetSummerTime
01ed0d10	function	.text	GetOsdConfigParam	GetOsdConfigParam
01ed0f70	function	.text	GetOsdConfigParam2	GetOsdConfigParam2
01efe72c	data	.data	_impure_ptr	_impure_ptr
01ec6f80	function	.text	_cleanup_r	_cleanup_r
01ec74f0	function	.text	__sread	__sread
01ec7558	function	.text	__swrite	__swrite
01ec75d8	function	.text	__sseek	__sseek
01ec7640	function	.text	__sclose	__sclose
01ec6fd0	function	.text	_fwalk	_fwalk
01ecf288	function	.text	fflush	fflush
01ecf400	function	.text	__sinit	__sinit
01ec7068	function	.text	__smakebuf	__smakebuf
01ecf0a8	function	.text	_fstat_r	_fstat_r
01ec71c0	function	.text	__srefill	__srefill
01ecae68	function	.text	_vfprintf_r	_vfprintf_r
01ecad98	function	.text	vfprintf	vfprintf
01ec7660	function	.text	__svfscanf	__svfscanf
01ecf168	function	.text	_read_r	_read_r
01ecf108	function	.text	_lseek_r	_lseek_r
01ecf228	function	.text	_write_r	_write_r
01ecf050	function	.text	_close_r	_close_r
01ec8170	function	.text	__sccl	__sccl
01efef28	data	.data	__mb_cur_max	__mb_cur_max
01ec8498	function	.text	_mbtowc_r	_mbtowc_r
01f27150	data	.rodata	_ctype_	_ctype_
01ece0d0	function	.text	strtol	strtol
01eca3c8	function	.text	strtoul	strtoul
01ecf508	function	.text	fread	fread
01ecf620	function	.text	ungetc	ungetc
01ec83b8	function	.text	atof	atof
01ecf490	function	.text	fiprintf	fiprintf
01eca180	function	.text	strtod	strtod
01ec87d8	function	.text	__malloc_lock	__malloc_lock
01ecd308	function	.text	_malloc_r	_malloc_r
01ec8838	function	.text	__malloc_unlock	__malloc_unlock
01ecda38	function	.text	_free_r	_free_r
01eff018	data	.data	__sce_sema_id	__sce_sema_id
01ec9288	function	.text	_strtod_r	_strtod_r
01f273c0	data	.rodata	__mprec_tens	__mprec_tens
01f27360	data	.rodata	sn___infinity	sn___infinity
01f27488	data	.rodata	__mprec_bigtens	__mprec_bigtens
01f274b0	data	.rodata	__mprec_tinytens	__mprec_tinytens
01ed02b0	function	.text	_ulp	_ulp
01ecf9a0	function	.text	_s2b	_s2b
01ecff60	function	.text	_lshift	_lshift
01ed00b8	function	.text	__mcmp	__mcmp
01ed0690	function	.text	_ratio	_ratio
01edafd0	function	.text	__fixdfdi	__fixdfdi
01ecf860	function	.text	_Bfree	_Bfree
01ecf7b8	function	.text	_Balloc	_Balloc
01ed0510	function	.text	_d2b	_d2b
01ecfc20	function	.text	_i2b	_i2b
01ecfe60	function	.text	_pow5mult	_pow5mult
01ecfc58	function	.text	_multiply	_multiply
01ed0120	function	.text	__mdiff	__mdiff
01eca1b8	function	.text	_strtoul_r	_strtoul_r
01edb6a0	function	.text	__udivdi3	__udivdi3
01edbc70	function	.text	__umoddi3	__umoddi3
01ece108	function	.text	_tolower	_tolower
01eca548	function	.text	strround	strround
01eca5b8	function	.text	strrev	strrev
01eca630	function	.text	itoa	itoa
01eca6d0	function	.text	fftoa	fftoa
01ecbeb0	function	.text	add_separators	add_separators
01ece258	function	.text	sn_floor	sn_floor
01ece448	function	.text	sn_fmod	sn_fmod
01ed1228	function	.text	write	write
01ecc198	function	.text	_vfiprintf_r	_vfiprintf_r
01ece140	function	.text	localeconv	localeconv
01eceea8	function	.text	sn_log10	sn_log10
01ece168	function	.text	memchr	memchr
01ecc168	function	.text	vfiprintf	vfiprintf
01efead0	data	.data	__malloc_av_	__malloc_av_
01efeed8	data	.data	__malloc_trim_threshold	__malloc_trim_threshold
01efeee0	data	.data	__malloc_top_pad	__malloc_top_pad
01efeee8	data	.data	__malloc_sbrk_base	__malloc_sbrk_base
01efeef0	data	.data	__malloc_max_sbrked_mem	__malloc_max_sbrked_mem
01efeef8	data	.data	__malloc_max_total_mem	__malloc_max_total_mem
01efef00	data	.data	__malloc_current_mallinfo	__malloc_current_mallinfo
01ecf1c8	function	.text	_sbrk_r	_sbrk_r
01ecdd30	function	.text	_malloc_trim_r	_malloc_trim_r
01ecdea0	function	.text	_strtol_r	_strtol_r
01ece128	function	.text	_localeconv_r	_localeconv_r
01ece890	function	.text	sn_log	sn_log
01ed1320	function	.text	close	close
01fe3148	data	.bss	errno	errno
01ed13e0	function	.text	fstat	fstat
01ed1328	function	.text	lseek	lseek
01ed12a8	function	.text	read	read
01ed1330	function	.text	sbrk	sbrk
01ecf4d8	function	.text	memcpyalpha	memcpyalpha
01ecf898	function	.text	_multadd	_multadd
01ecfad8	function	.text	_hi0bits	_hi0bits
01ecfb60	function	.text	_lo0bits	_lo0bits
01ed0378	function	.text	_b2d	_b2d
01ed0758	function	.text	_calloc_r	_calloc_r
01efef30	data	.data	__ps2_klibinfo__	__ps2_klibinfo__
01ed0880	function	.text	_Exit	_Exit
01ed08a0	function	.text	_LoadExecPS2	_LoadExecPS2
01ed0950	function	.text	AddIntcHandler2	AddIntcHandler2
01ed0970	function	.text	AddDmacHandler	AddDmacHandler
01ed0990	function	.text	RemoveDmacHandler	RemoveDmacHandler
01ed09a0	function	.text	_EnableIntc	_EnableIntc
01ed09b0	function	.text	_DisableIntc	_DisableIntc
01ed09c0	function	.text	_EnableDmac	_EnableDmac
01ed09d0	function	.text	_DisableDmac	_DisableDmac
01ed0a80	function	.text	_StartThread	_StartThread
01ed0b10	function	.text	RotateThreadReadyQueue	RotateThreadReadyQueue
01ed0b60	function	.text	ReferThreadStatus	ReferThreadStatus
01ed0ba0	function	.text	_iWakeupThread	_iWakeupThread
01ed0bd0	function	.text	SuspendThread	SuspendThread
01ed0c40	function	.text	EndOfHeap	EndOfHeap
01ed0d00	function	.text	SetOsdConfigParam	SetOsdConfigParam
01ed0f30	function	.text	sceSifStopDma	sceSifStopDma
01ed0fd0	function	.text	SetVSyncFlag	SetVSyncFlag
01ed1020	function	.text	_sceSifSetDma	_sceSifSetDma
01ed1030	function	.text	_isceSifSetDma	_isceSifSetDma
01ed1040	function	.text	sceSifSetDChain	sceSifSetDChain
01ed1050	function	.text	isceSifSetDChain	isceSifSetDChain
01ed1060	function	.text	sceSifSetReg	sceSifSetReg
01ed1070	function	.text	sceSifGetReg	sceSifGetReg
01ed1090	function	.text	Deci2Call	Deci2Call
01ed10c0	function	.text	GetMemorySize	GetMemorySize
01ed10d0	function	.text	_InitTLB	_InitTLB
01ed10e0	function	.text	sceResetttyinit	sceResetttyinit
01ed2160	function	.text	sceTtyInit	sceTtyInit
01ed1f18	function	.text	sceTtyWrite	sceTtyWrite
01ed2090	function	.text	sceTtyRead	sceTtyRead
01ed13f8	function	.text	_sceSDC	_sceSDC
01ed1528	function	.text	_sceIDC	_sceIDC
01ed1658	function	.text	QueryIntrContext	QueryIntrContext
01ed1738	function	.text	DisableDmac	DisableDmac
01ed17a0	function	.text	EnableDmac	EnableDmac
01ed18e0	function	.text	InitThread	InitThread
01ed19d0	function	.text	iWakeupThread	iWakeupThread
01ed33e0	function	.text	kprintf	kprintf
01ed9e40	function	.text	TimerUSec2BusClock	TimerUSec2BusClock
01ed9f70	function	.text	SetTimerAlarm	SetTimerAlarm
01eda320	function	.text	sceDeci2ExRecv	sceDeci2ExRecv
01eda358	function	.text	sceDeci2ExSend	sceDeci2ExSend
01eda2c0	function	.text	sceDeci2ReqSend	sceDeci2ReqSend
01eda2f0	function	.text	sceDeci2Poll	sceDeci2Poll
01eda270	function	.text	sceDeci2Open	sceDeci2Open
01eda3a0	function	.text	kputs	kputs
01edb038	function	.text	__moddi3	__moddi3
01eda8e0	function	.text	__divdi3	__divdi3
01ed3490	function	.text	sceSifGetSreg	sceSifGetSreg
01ed38c0	function	.text	sceSifExitCmd	sceSifExitCmd
01ed3f28	function	.text	sceSifExitRpc	sceSifExitRpc
01ed4a80	function	.text	sceSifGetNextRequest	sceSifGetNextRequest
01ed4ad8	function	.text	sceSifExecRequest	sceSifExecRequest
01eda0a0	function	.text	iSetTimerAlarm	iSetTimerAlarm
01efef58	data	.data	_sceFs_q	_sceFs_q
01ed5478	function	.text	sceFsInit	sceFsInit
01ed8818	function	.text	sceSifResetIop	sceSifResetIop
01eda1c8	function	.text	sceSifExecNotifyHandler	sceSifExecNotifyHandler
01eff01c	data	.data	__sce_eh_sema_id	__sce_eh_sema_id
01ed9168	function	.text	InitAlarm	InitAlarm
01ed92e0	function	.text	InitTimer	InitTimer
01ed9440	function	.text	StartTimerSystemTime	StartTimerSystemTime
01ed8e68	function	.text	InitExecPS2	InitExecPS2
01eda438	function	.text	InitTLBFunctions	InitTLBFunctions
01eda190	function	.text	sceSifInitRebootNotify	sceSifInitRebootNotify
01eff7c8	data	.data	SysExecPS2Entry	SysExecPS2Entry
01f00338	data	.data	_kExecArg	_kExecArg
01eda510	function	.text	InitTLB	InitTLB
01ed9240	function	.text	SetT2	SetT2
01ed92b0	function	.text	SetT2_COUNT	SetT2_COUNT
01ed92c0	function	.text	SetT2_MODE	SetT2_MODE
01ed92d0	function	.text	SetT2_COMP	SetT2_COMP
01ed99e0	function	.text	iGetTimerSystemTime	iGetTimerSystemTime
01ed9ab0	function	.text	iAllocTimerCounter	iAllocTimerCounter
01ed9b20	function	.text	AllocTimerCounter	AllocTimerCounter
01ed9b80	function	.text	iStartTimerCounter	iStartTimerCounter
01ed9c30	function	.text	StartTimerCounter	StartTimerCounter
01ed9cb0	function	.text	iSetTimerHandler	iSetTimerHandler
01ed9dc0	function	.text	SetTimerHandler	SetTimerHandler
01ed9ec0	function	.text	_InitAlarm	_InitAlarm
01f002f0	data	.data	_kTLBRefillHandler	_kTLBRefillHandler
01f002f8	data	.data	_kDebugHandler	_kDebugHandler
01f005f0	data	.data	TLBInfo	TLBInfo
01eda7c0	function	.text	_kExitTLBHandler	_kExitTLBHandler
01f006e0	data	.data	sn_frame_table	sn_frame_table
01edc1b0	function	.text	sn_reg_frame	sn_reg_frame
01edc1c8	function	.text	sn_dereg_frame	sn_dereg_frame
